audit_id,user_id,role,department,action,record_id,old_value,new_value,reason,timestamp,data_type
AUD-0001,OFFICER-001,DISTRICT_ADMIN,Synthetic District Administration,CREATE,P1001,,Synthetic harmonized record,Reproducible synthetic audit event.,2026-09-10T12:00:00,SYNTHETIC DEMO DATA — NOT OFFICIAL GOVERNMENT RECORDS
AUD-0002,OFFICER-002,DISTRICT_ADMIN,Synthetic District Administration,MATCH,P1002,,Synthetic harmonized record,Reproducible synthetic audit event.,2026-09-09T12:00:00,SYNTHETIC DEMO DATA — NOT OFFICIAL GOVERNMENT RECORDS
AUD-0003,OFFICER-003,DISTRICT_ADMIN,Synthetic District Administration,FLAG,P1003,,Synthetic harmonized record,Reproducible synthetic audit event.,2026-09-08T12:00:00,SYNTHETIC DEMO DATA — NOT OFFICIAL GOVERNMENT RECORDS
AUD-0004,OFFICER-004,DISTRICT_ADMIN,Synthetic District Administration,VERIFY,P1004,,Synthetic harmonized record,Reproducible synthetic audit event.,2026-09-07T12:00:00,SYNTHETIC DEMO DATA — NOT OFFICIAL GOVERNMENT RECORDS
AUD-0005,OFFICER-005,DISTRICT_ADMIN,Synthetic District Administration,UPDATE,P1005,,Synthetic harmonized record,Reproducible synthetic audit event.,2026-09-06T12:00:00,SYNTHETIC DEMO DATA — NOT OFFICIAL GOVERNMENT RECORDS
AUD-0006,OFFICER-006,DISTRICT_ADMIN,Synthetic District Administration,CREATE,P1006,,Synthetic harmonized record,Reproducible synthetic audit event.,2026-09-05T12:00:00,SYNTHETIC DEMO DATA — NOT OFFICIAL GOVERNMENT RECORDS
AUD-0007,OFFICER-007,DISTRICT_ADMIN,Synthetic District Administration,MATCH,P1007,,Synthetic harmonized record,Reproducible synthetic audit event.,2026-09-04T12:00:00,SYNTHETIC DEMO DATA — NOT OFFICIAL GOVERNMENT RECORDS
AUD-0008,OFFICER-008,DISTRICT_ADMIN,Synthetic District Administration,FLAG,P1008,,Synthetic harmonized record,Reproducible synthetic audit event.,2026-09-03T12:00:00,SYNTHETIC DEMO DATA — NOT OFFICIAL GOVERNMENT RECORDS
AUD-0009,OFFICER-009,DISTRICT_ADMIN,Synthetic District Administration,VERIFY,P1009,,Synthetic harmonized record,Reproducible synthetic audit event.,2026-09-02T12:00:00,SYNTHETIC DEMO DATA — NOT OFFICIAL GOVERNMENT RECORDS
AUD-0010,OFFICER-010,DISTRICT_ADMIN,Synthetic District Administration,UPDATE,P1010,,Synthetic harmonized record,Reproducible synthetic audit event.,2026-09-01T12:00:00,SYNTHETIC DEMO DATA — NOT OFFICIAL GOVERNMENT RECORDS
AUD-0011,OFFICER-011,DISTRICT_ADMIN,Synthetic District Administration,CREATE,P1011,,Synthetic harmonized record,Reproducible synthetic audit event.,2026-08-31T12:00:00,SYNTHETIC DEMO DATA — NOT OFFICIAL GOVERNMENT RECORDS
AUD-0012,OFFICER-012,DISTRICT_ADMIN,Synthetic District Administration,MATCH,P1012,,Synthetic harmonized record,Reproducible synthetic audit event.,2026-08-30T12:00:00,SYNTHETIC DEMO DATA — NOT OFFICIAL GOVERNMENT RECORDS
AUD-0013,OFFICER-001,DISTRICT_ADMIN,Synthetic District Administration,FLAG,P1013,,Synthetic harmonized record,Reproducible synthetic audit event.,2026-08-29T12:00:00,SYNTHETIC DEMO DATA — NOT OFFICIAL GOVERNMENT RECORDS
AUD-0014,OFFICER-002,DISTRICT_ADMIN,Synthetic District Administration,VERIFY,P1014,,Synthetic harmonized record,Reproducible synthetic audit event.,2026-08-28T12:00:00,SYNTHETIC DEMO DATA — NOT OFFICIAL GOVERNMENT RECORDS
AUD-0015,OFFICER-003,DISTRICT_ADMIN,Synthetic District Administration,UPDATE,P1015,,Synthetic harmonized record,Reproducible synthetic audit event.,2026-08-27T12:00:00,SYNTHETIC DEMO DATA — NOT OFFICIAL GOVERNMENT RECORDS
AUD-0016,OFFICER-004,DISTRICT_ADMIN,Synthetic District Administration,CREATE,P1016,,Synthetic harmonized record,Reproducible synthetic audit event.,2026-08-26T12:00:00,SYNTHETIC DEMO DATA — NOT OFFICIAL GOVERNMENT RECORDS
AUD-0017,OFFICER-005,DISTRICT_ADMIN,Synthetic District Administration,MATCH,P1017,,Synthetic harmonized record,Reproducible synthetic audit event.,2026-08-25T12:00:00,SYNTHETIC DEMO DATA — NOT OFFICIAL GOVERNMENT RECORDS
AUD-0018,OFFICER-006,DISTRICT_ADMIN,Synthetic District Administration,FLAG,P1018,,Synthetic harmonized record,Reproducible synthetic audit event.,2026-08-24T12:00:00,SYNTHETIC DEMO DATA — NOT OFFICIAL GOVERNMENT RECORDS
AUD-0019,OFFICER-007,DISTRICT_ADMIN,Synthetic District Administration,VERIFY,P1019,,Synthetic harmonized record,Reproducible synthetic audit event.,2026-08-23T12:00:00,SYNTHETIC DEMO DATA — NOT OFFICIAL GOVERNMENT RECORDS
AUD-0020,OFFICER-008,DISTRICT_ADMIN,Synthetic District Administration,UPDATE,P1020,,Synthetic harmonized record,Reproducible synthetic audit event.,2026-08-22T12:00:00,SYNTHETIC DEMO DATA — NOT OFFICIAL GOVERNMENT RECORDS
AUD-0021,OFFICER-009,DISTRICT_ADMIN,Synthetic District Administration,CREATE,P1021,,Synthetic harmonized record,Reproducible synthetic audit event.,2026-08-21T12:00:00,SYNTHETIC DEMO DATA — NOT OFFICIAL GOVERNMENT RECORDS
AUD-0022,OFFICER-010,DISTRICT_ADMIN,Synthetic District Administration,MATCH,P1022,,Synthetic harmonized record,Reproducible synthetic audit event.,2026-08-20T12:00:00,SYNTHETIC DEMO DATA — NOT OFFICIAL GOVERNMENT RECORDS
AUD-0023,OFFICER-011,DISTRICT_ADMIN,Synthetic District Administration,FLAG,P1023,,Synthetic harmonized record,Reproducible synthetic audit event.,2026-08-19T12:00:00,SYNTHETIC DEMO DATA — NOT OFFICIAL GOVERNMENT RECORDS
AUD-0024,OFFICER-012,DISTRICT_ADMIN,Synthetic District Administration,VERIFY,P1024,,Synthetic harmonized record,Reproducible synthetic audit event.,2026-08-18T12:00:00,SYNTHETIC DEMO DATA — NOT OFFICIAL GOVERNMENT RECORDS
AUD-0025,OFFICER-001,DISTRICT_ADMIN,Synthetic District Administration,UPDATE,P1025,,Synthetic harmonized record,Reproducible synthetic audit event.,2026-08-17T12:00:00,SYNTHETIC DEMO DATA — NOT OFFICIAL GOVERNMENT RECORDS
AUD-0026,OFFICER-002,DISTRICT_ADMIN,Synthetic District Administration,CREATE,P1026,,Synthetic harmonized record,Reproducible synthetic audit event.,2026-08-16T12:00:00,SYNTHETIC DEMO DATA — NOT OFFICIAL GOVERNMENT RECORDS
AUD-0027,OFFICER-003,DISTRICT_ADMIN,Synthetic District Administration,MATCH,P1027,,Synthetic harmonized record,Reproducible synthetic audit event.,2026-08-15T12:00:00,SYNTHETIC DEMO DATA — NOT OFFICIAL GOVERNMENT RECORDS
AUD-0028,OFFICER-004,DISTRICT_ADMIN,Synthetic District Administration,FLAG,P1028,,Synthetic harmonized record,Reproducible synthetic audit event.,2026-08-14T12:00:00,SYNTHETIC DEMO DATA — NOT OFFICIAL GOVERNMENT RECORDS
AUD-0029,OFFICER-005,DISTRICT_ADMIN,Synthetic District Administration,VERIFY,P1029,,Synthetic harmonized record,Reproducible synthetic audit event.,2026-08-13T12:00:00,SYNTHETIC DEMO DATA — NOT OFFICIAL GOVERNMENT RECORDS
AUD-0030,OFFICER-006,DISTRICT_ADMIN,Synthetic District Administration,UPDATE,P1030,,Synthetic harmonized record,Reproducible synthetic audit event.,2026-08-12T12:00:00,SYNTHETIC DEMO DATA — NOT OFFICIAL GOVERNMENT RECORDS
AUD-0031,OFFICER-007,DISTRICT_ADMIN,Synthetic District Administration,CREATE,P1031,,Synthetic harmonized record,Reproducible synthetic audit event.,2026-08-11T12:00:00,SYNTHETIC DEMO DATA — NOT OFFICIAL GOVERNMENT RECORDS
AUD-0032,OFFICER-008,DISTRICT_ADMIN,Synthetic District Administration,MATCH,P1032,,Synthetic harmonized record,Reproducible synthetic audit event.,2026-08-10T12:00:00,SYNTHETIC DEMO DATA — NOT OFFICIAL GOVERNMENT RECORDS
AUD-0033,OFFICER-009,DISTRICT_ADMIN,Synthetic District Administration,FLAG,P1033,,Synthetic harmonized record,Reproducible synthetic audit event.,2026-08-09T12:00:00,SYNTHETIC DEMO DATA — NOT OFFICIAL GOVERNMENT RECORDS
AUD-0034,OFFICER-010,DISTRICT_ADMIN,Synthetic District Administration,VERIFY,P1034,,Synthetic harmonized record,Reproducible synthetic audit event.,2026-08-08T12:00:00,SYNTHETIC DEMO DATA — NOT OFFICIAL GOVERNMENT RECORDS
AUD-0035,OFFICER-011,DISTRICT_ADMIN,Synthetic District Administration,UPDATE,P1035,,Synthetic harmonized record,Reproducible synthetic audit event.,2026-08-07T12:00:00,SYNTHETIC DEMO DATA — NOT OFFICIAL GOVERNMENT RECORDS
AUD-0036,OFFICER-012,DISTRICT_ADMIN,Synthetic District Administration,CREATE,P1036,,Synthetic harmonized record,Reproducible synthetic audit event.,2026-08-06T12:00:00,SYNTHETIC DEMO DATA — NOT OFFICIAL GOVERNMENT RECORDS
AUD-0037,OFFICER-001,DISTRICT_ADMIN,Synthetic District Administration,MATCH,P1037,,Synthetic harmonized record,Reproducible synthetic audit event.,2026-08-05T12:00:00,SYNTHETIC DEMO DATA — NOT OFFICIAL GOVERNMENT RECORDS
AUD-0038,OFFICER-002,DISTRICT_ADMIN,Synthetic District Administration,FLAG,P1038,,Synthetic harmonized record,Reproducible synthetic audit event.,2026-08-04T12:00:00,SYNTHETIC DEMO DATA — NOT OFFICIAL GOVERNMENT RECORDS
AUD-0039,OFFICER-003,DISTRICT_ADMIN,Synthetic District Administration,VERIFY,P1039,,Synthetic harmonized record,Reproducible synthetic audit event.,2026-08-03T12:00:00,SYNTHETIC DEMO DATA — NOT OFFICIAL GOVERNMENT RECORDS
AUD-0040,OFFICER-004,DISTRICT_ADMIN,Synthetic District Administration,UPDATE,P1040,,Synthetic harmonized record,Reproducible synthetic audit event.,2026-08-02T12:00:00,SYNTHETIC DEMO DATA — NOT OFFICIAL GOVERNMENT RECORDS
AUD-0041,OFFICER-005,DISTRICT_ADMIN,Synthetic District Administration,CREATE,P1041,,Synthetic harmonized record,Reproducible synthetic audit event.,2026-08-01T12:00:00,SYNTHETIC DEMO DATA — NOT OFFICIAL GOVERNMENT RECORDS
AUD-0042,OFFICER-006,DISTRICT_ADMIN,Synthetic District Administration,MATCH,P1042,,Synthetic harmonized record,Reproducible synthetic audit event.,2026-07-31T12:00:00,SYNTHETIC DEMO DATA — NOT OFFICIAL GOVERNMENT RECORDS
AUD-0043,OFFICER-007,DISTRICT_ADMIN,Synthetic District Administration,FLAG,P1043,,Synthetic harmonized record,Reproducible synthetic audit event.,2026-07-30T12:00:00,SYNTHETIC DEMO DATA — NOT OFFICIAL GOVERNMENT RECORDS
AUD-0044,OFFICER-008,DISTRICT_ADMIN,Synthetic District Administration,VERIFY,P1044,,Synthetic harmonized record,Reproducible synthetic audit event.,2026-07-29T12:00:00,SYNTHETIC DEMO DATA — NOT OFFICIAL GOVERNMENT RECORDS
AUD-0045,OFFICER-009,DISTRICT_ADMIN,Synthetic District Administration,UPDATE,P1045,,Synthetic harmonized record,Reproducible synthetic audit event.,2026-07-28T12:00:00,SYNTHETIC DEMO DATA — NOT OFFICIAL GOVERNMENT RECORDS
AUD-0046,OFFICER-010,DISTRICT_ADMIN,Synthetic District Administration,CREATE,P1046,,Synthetic harmonized record,Reproducible synthetic audit event.,2026-07-27T12:00:00,SYNTHETIC DEMO DATA — NOT OFFICIAL GOVERNMENT RECORDS
AUD-0047,OFFICER-011,DISTRICT_ADMIN,Synthetic District Administration,MATCH,P1047,,Synthetic harmonized record,Reproducible synthetic audit event.,2026-07-26T12:00:00,SYNTHETIC DEMO DATA — NOT OFFICIAL GOVERNMENT RECORDS
AUD-0048,OFFICER-012,DISTRICT_ADMIN,Synthetic District Administration,FLAG,P1048,,Synthetic harmonized record,Reproducible synthetic audit event.,2026-07-25T12:00:00,SYNTHETIC DEMO DATA — NOT OFFICIAL GOVERNMENT RECORDS
AUD-0049,OFFICER-001,DISTRICT_ADMIN,Synthetic District Administration,VERIFY,P1049,,Synthetic harmonized record,Reproducible synthetic audit event.,2026-07-24T12:00:00,SYNTHETIC DEMO DATA — NOT OFFICIAL GOVERNMENT RECORDS
AUD-0050,OFFICER-002,DISTRICT_ADMIN,Synthetic District Administration,UPDATE,P1050,,Synthetic harmonized record,Reproducible synthetic audit event.,2026-07-23T12:00:00,SYNTHETIC DEMO DATA — NOT OFFICIAL GOVERNMENT RECORDS
AUD-0051,OFFICER-003,DISTRICT_ADMIN,Synthetic District Administration,CREATE,P1051,,Synthetic harmonized record,Reproducible synthetic audit event.,2026-07-22T12:00:00,SYNTHETIC DEMO DATA — NOT OFFICIAL GOVERNMENT RECORDS
AUD-0052,OFFICER-004,DISTRICT_ADMIN,Synthetic District Administration,MATCH,P1052,,Synthetic harmonized record,Reproducible synthetic audit event.,2026-07-21T12:00:00,SYNTHETIC DEMO DATA — NOT OFFICIAL GOVERNMENT RECORDS
AUD-0053,OFFICER-005,DISTRICT_ADMIN,Synthetic District Administration,FLAG,P1053,,Synthetic harmonized record,Reproducible synthetic audit event.,2026-07-20T12:00:00,SYNTHETIC DEMO DATA — NOT OFFICIAL GOVERNMENT RECORDS
AUD-0054,OFFICER-006,DISTRICT_ADMIN,Synthetic District Administration,VERIFY,P1054,,Synthetic harmonized record,Reproducible synthetic audit event.,2026-07-19T12:00:00,SYNTHETIC DEMO DATA — NOT OFFICIAL GOVERNMENT RECORDS
AUD-0055,OFFICER-007,DISTRICT_ADMIN,Synthetic District Administration,UPDATE,P1055,,Synthetic harmonized record,Reproducible synthetic audit event.,2026-07-18T12:00:00,SYNTHETIC DEMO DATA — NOT OFFICIAL GOVERNMENT RECORDS
AUD-0056,OFFICER-008,DISTRICT_ADMIN,Synthetic District Administration,CREATE,P1056,,Synthetic harmonized record,Reproducible synthetic audit event.,2026-07-17T12:00:00,SYNTHETIC DEMO DATA — NOT OFFICIAL GOVERNMENT RECORDS
AUD-0057,OFFICER-009,DISTRICT_ADMIN,Synthetic District Administration,MATCH,P1057,,Synthetic harmonized record,Reproducible synthetic audit event.,2026-07-16T12:00:00,SYNTHETIC DEMO DATA — NOT OFFICIAL GOVERNMENT RECORDS
AUD-0058,OFFICER-010,DISTRICT_ADMIN,Synthetic District Administration,FLAG,P1058,,Synthetic harmonized record,Reproducible synthetic audit event.,2026-07-15T12:00:00,SYNTHETIC DEMO DATA — NOT OFFICIAL GOVERNMENT RECORDS
AUD-0059,OFFICER-011,DISTRICT_ADMIN,Synthetic District Administration,VERIFY,P1059,,Synthetic harmonized record,Reproducible synthetic audit event.,2026-07-14T12:00:00,SYNTHETIC DEMO DATA — NOT OFFICIAL GOVERNMENT RECORDS
AUD-0060,OFFICER-012,DISTRICT_ADMIN,Synthetic District Administration,UPDATE,P1060,,Synthetic harmonized record,Reproducible synthetic audit event.,2026-07-13T12:00:00,SYNTHETIC DEMO DATA — NOT OFFICIAL GOVERNMENT RECORDS
AUD-0061,OFFICER-001,DISTRICT_ADMIN,Synthetic District Administration,CREATE,P1061,,Synthetic harmonized record,Reproducible synthetic audit event.,2026-07-12T12:00:00,SYNTHETIC DEMO DATA — NOT OFFICIAL GOVERNMENT RECORDS
AUD-0062,OFFICER-002,DISTRICT_ADMIN,Synthetic District Administration,MATCH,P1062,,Synthetic harmonized record,Reproducible synthetic audit event.,2026-07-11T12:00:00,SYNTHETIC DEMO DATA — NOT OFFICIAL GOVERNMENT RECORDS
AUD-0063,OFFICER-003,DISTRICT_ADMIN,Synthetic District Administration,FLAG,P1063,,Synthetic harmonized record,Reproducible synthetic audit event.,2026-07-10T12:00:00,SYNTHETIC DEMO DATA — NOT OFFICIAL GOVERNMENT RECORDS
AUD-0064,OFFICER-004,DISTRICT_ADMIN,Synthetic District Administration,VERIFY,P1064,,Synthetic harmonized record,Reproducible synthetic audit event.,2026-07-09T12:00:00,SYNTHETIC DEMO DATA — NOT OFFICIAL GOVERNMENT RECORDS
AUD-0065,OFFICER-005,DISTRICT_ADMIN,Synthetic District Administration,UPDATE,P1065,,Synthetic harmonized record,Reproducible synthetic audit event.,2026-07-08T12:00:00,SYNTHETIC DEMO DATA — NOT OFFICIAL GOVERNMENT RECORDS
AUD-0066,OFFICER-006,DISTRICT_ADMIN,Synthetic District Administration,CREATE,P1066,,Synthetic harmonized record,Reproducible synthetic audit event.,2026-07-07T12:00:00,SYNTHETIC DEMO DATA — NOT OFFICIAL GOVERNMENT RECORDS
AUD-0067,OFFICER-007,DISTRICT_ADMIN,Synthetic District Administration,MATCH,P1067,,Synthetic harmonized record,Reproducible synthetic audit event.,2026-07-06T12:00:00,SYNTHETIC DEMO DATA — NOT OFFICIAL GOVERNMENT RECORDS
AUD-0068,OFFICER-008,DISTRICT_ADMIN,Synthetic District Administration,FLAG,P1068,,Synthetic harmonized record,Reproducible synthetic audit event.,2026-07-05T12:00:00,SYNTHETIC DEMO DATA — NOT OFFICIAL GOVERNMENT RECORDS
AUD-0069,OFFICER-009,DISTRICT_ADMIN,Synthetic District Administration,VERIFY,P1069,,Synthetic harmonized record,Reproducible synthetic audit event.,2026-07-04T12:00:00,SYNTHETIC DEMO DATA — NOT OFFICIAL GOVERNMENT RECORDS
AUD-0070,OFFICER-010,DISTRICT_ADMIN,Synthetic District Administration,UPDATE,P1070,,Synthetic harmonized record,Reproducible synthetic audit event.,2026-07-03T12:00:00,SYNTHETIC DEMO DATA — NOT OFFICIAL GOVERNMENT RECORDS
AUD-0071,OFFICER-011,DISTRICT_ADMIN,Synthetic District Administration,CREATE,P1071,,Synthetic harmonized record,Reproducible synthetic audit event.,2026-07-02T12:00:00,SYNTHETIC DEMO DATA — NOT OFFICIAL GOVERNMENT RECORDS
AUD-0072,OFFICER-012,DISTRICT_ADMIN,Synthetic District Administration,MATCH,P1072,,Synthetic harmonized record,Reproducible synthetic audit event.,2026-07-01T12:00:00,SYNTHETIC DEMO DATA — NOT OFFICIAL GOVERNMENT RECORDS
AUD-0073,OFFICER-001,DISTRICT_ADMIN,Synthetic District Administration,FLAG,P1073,,Synthetic harmonized record,Reproducible synthetic audit event.,2026-06-30T12:00:00,SYNTHETIC DEMO DATA — NOT OFFICIAL GOVERNMENT RECORDS
AUD-0074,OFFICER-002,DISTRICT_ADMIN,Synthetic District Administration,VERIFY,P1074,,Synthetic harmonized record,Reproducible synthetic audit event.,2026-06-29T12:00:00,SYNTHETIC DEMO DATA — NOT OFFICIAL GOVERNMENT RECORDS
AUD-0075,OFFICER-003,DISTRICT_ADMIN,Synthetic District Administration,UPDATE,P1075,,Synthetic harmonized record,Reproducible synthetic audit event.,2026-06-28T12:00:00,SYNTHETIC DEMO DATA — NOT OFFICIAL GOVERNMENT RECORDS
AUD-0076,OFFICER-004,DISTRICT_ADMIN,Synthetic District Administration,CREATE,P1076,,Synthetic harmonized record,Reproducible synthetic audit event.,2026-06-27T12:00:00,SYNTHETIC DEMO DATA — NOT OFFICIAL GOVERNMENT RECORDS
AUD-0077,OFFICER-005,DISTRICT_ADMIN,Synthetic District Administration,MATCH,P1077,,Synthetic harmonized record,Reproducible synthetic audit event.,2026-06-26T12:00:00,SYNTHETIC DEMO DATA — NOT OFFICIAL GOVERNMENT RECORDS
AUD-0078,OFFICER-006,DISTRICT_ADMIN,Synthetic District Administration,FLAG,P1078,,Synthetic harmonized record,Reproducible synthetic audit event.,2026-06-25T12:00:00,SYNTHETIC DEMO DATA — NOT OFFICIAL GOVERNMENT RECORDS
AUD-0079,OFFICER-007,DISTRICT_ADMIN,Synthetic District Administration,VERIFY,P1079,,Synthetic harmonized record,Reproducible synthetic audit event.,2026-06-24T12:00:00,SYNTHETIC DEMO DATA — NOT OFFICIAL GOVERNMENT RECORDS
AUD-0080,OFFICER-008,DISTRICT_ADMIN,Synthetic District Administration,UPDATE,P1080,,Synthetic harmonized record,Reproducible synthetic audit event.,2026-06-23T12:00:00,SYNTHETIC DEMO DATA — NOT OFFICIAL GOVERNMENT RECORDS
AUD-0081,OFFICER-009,DISTRICT_ADMIN,Synthetic District Administration,CREATE,P1081,,Synthetic harmonized record,Reproducible synthetic audit event.,2026-06-22T12:00:00,SYNTHETIC DEMO DATA — NOT OFFICIAL GOVERNMENT RECORDS
AUD-0082,OFFICER-010,DISTRICT_ADMIN,Synthetic District Administration,MATCH,P1082,,Synthetic harmonized record,Reproducible synthetic audit event.,2026-06-21T12:00:00,SYNTHETIC DEMO DATA — NOT OFFICIAL GOVERNMENT RECORDS
AUD-0083,OFFICER-011,DISTRICT_ADMIN,Synthetic District Administration,FLAG,P1083,,Synthetic harmonized record,Reproducible synthetic audit event.,2026-06-20T12:00:00,SYNTHETIC DEMO DATA — NOT OFFICIAL GOVERNMENT RECORDS
AUD-0084,OFFICER-012,DISTRICT_ADMIN,Synthetic District Administration,VERIFY,P1084,,Synthetic harmonized record,Reproducible synthetic audit event.,2026-06-19T12:00:00,SYNTHETIC DEMO DATA — NOT OFFICIAL GOVERNMENT RECORDS
AUD-0085,OFFICER-001,DISTRICT_ADMIN,Synthetic District Administration,UPDATE,P1085,,Synthetic harmonized record,Reproducible synthetic audit event.,2026-06-18T12:00:00,SYNTHETIC DEMO DATA — NOT OFFICIAL GOVERNMENT RECORDS
AUD-0086,OFFICER-002,DISTRICT_ADMIN,Synthetic District Administration,CREATE,P1086,,Synthetic harmonized record,Reproducible synthetic audit event.,2026-06-17T12:00:00,SYNTHETIC DEMO DATA — NOT OFFICIAL GOVERNMENT RECORDS
AUD-0087,OFFICER-003,DISTRICT_ADMIN,Synthetic District Administration,MATCH,P1087,,Synthetic harmonized record,Reproducible synthetic audit event.,2026-06-16T12:00:00,SYNTHETIC DEMO DATA — NOT OFFICIAL GOVERNMENT RECORDS
AUD-0088,OFFICER-004,DISTRICT_ADMIN,Synthetic District Administration,FLAG,P1088,,Synthetic harmonized record,Reproducible synthetic audit event.,2026-06-15T12:00:00,SYNTHETIC DEMO DATA — NOT OFFICIAL GOVERNMENT RECORDS
AUD-0089,OFFICER-005,DISTRICT_ADMIN,Synthetic District Administration,VERIFY,P1089,,Synthetic harmonized record,Reproducible synthetic audit event.,2026-06-14T12:00:00,SYNTHETIC DEMO DATA — NOT OFFICIAL GOVERNMENT RECORDS
AUD-0090,OFFICER-006,DISTRICT_ADMIN,Synthetic District Administration,UPDATE,P1090,,Synthetic harmonized record,Reproducible synthetic audit event.,2026-06-13T12:00:00,SYNTHETIC DEMO DATA — NOT OFFICIAL GOVERNMENT RECORDS
AUD-0091,OFFICER-007,DISTRICT_ADMIN,Synthetic District Administration,CREATE,P1091,,Synthetic harmonized record,Reproducible synthetic audit event.,2026-06-12T12:00:00,SYNTHETIC DEMO DATA — NOT OFFICIAL GOVERNMENT RECORDS
AUD-0092,OFFICER-008,DISTRICT_ADMIN,Synthetic District Administration,MATCH,P1092,,Synthetic harmonized record,Reproducible synthetic audit event.,2026-06-11T12:00:00,SYNTHETIC DEMO DATA — NOT OFFICIAL GOVERNMENT RECORDS
AUD-0093,OFFICER-009,DISTRICT_ADMIN,Synthetic District Administration,FLAG,P1093,,Synthetic harmonized record,Reproducible synthetic audit event.,2026-06-10T12:00:00,SYNTHETIC DEMO DATA — NOT OFFICIAL GOVERNMENT RECORDS
AUD-0094,OFFICER-010,DISTRICT_ADMIN,Synthetic District Administration,VERIFY,P1094,,Synthetic harmonized record,Reproducible synthetic audit event.,2026-06-09T12:00:00,SYNTHETIC DEMO DATA — NOT OFFICIAL GOVERNMENT RECORDS
AUD-0095,OFFICER-011,DISTRICT_ADMIN,Synthetic District Administration,UPDATE,P1095,,Synthetic harmonized record,Reproducible synthetic audit event.,2026-06-08T12:00:00,SYNTHETIC DEMO DATA — NOT OFFICIAL GOVERNMENT RECORDS
AUD-0096,OFFICER-012,DISTRICT_ADMIN,Synthetic District Administration,CREATE,P1096,,Synthetic harmonized record,Reproducible synthetic audit event.,2026-06-07T12:00:00,SYNTHETIC DEMO DATA — NOT OFFICIAL GOVERNMENT RECORDS
AUD-0097,OFFICER-001,DISTRICT_ADMIN,Synthetic District Administration,MATCH,P1097,,Synthetic harmonized record,Reproducible synthetic audit event.,2026-06-06T12:00:00,SYNTHETIC DEMO DATA — NOT OFFICIAL GOVERNMENT RECORDS
AUD-0098,OFFICER-002,DISTRICT_ADMIN,Synthetic District Administration,FLAG,P1098,,Synthetic harmonized record,Reproducible synthetic audit event.,2026-06-05T12:00:00,SYNTHETIC DEMO DATA — NOT OFFICIAL GOVERNMENT RECORDS
AUD-0099,OFFICER-003,DISTRICT_ADMIN,Synthetic District Administration,VERIFY,P1099,,Synthetic harmonized record,Reproducible synthetic audit event.,2026-06-04T12:00:00,SYNTHETIC DEMO DATA — NOT OFFICIAL GOVERNMENT RECORDS
AUD-0100,OFFICER-004,DISTRICT_ADMIN,Synthetic District Administration,UPDATE,P1100,,Synthetic harmonized record,Reproducible synthetic audit event.,2026-06-03T12:00:00,SYNTHETIC DEMO DATA — NOT OFFICIAL GOVERNMENT RECORDS
AUD-0101,OFFICER-005,DISTRICT_ADMIN,Synthetic District Administration,CREATE,P1101,,Synthetic harmonized record,Reproducible synthetic audit event.,2026-06-02T12:00:00,SYNTHETIC DEMO DATA — NOT OFFICIAL GOVERNMENT RECORDS
AUD-0102,OFFICER-006,DISTRICT_ADMIN,Synthetic District Administration,MATCH,P1102,,Synthetic harmonized record,Reproducible synthetic audit event.,2026-06-01T12:00:00,SYNTHETIC DEMO DATA — NOT OFFICIAL GOVERNMENT RECORDS
AUD-0103,OFFICER-007,DISTRICT_ADMIN,Synthetic District Administration,FLAG,P1103,,Synthetic harmonized record,Reproducible synthetic audit event.,2026-05-31T12:00:00,SYNTHETIC DEMO DATA — NOT OFFICIAL GOVERNMENT RECORDS
AUD-0104,OFFICER-008,DISTRICT_ADMIN,Synthetic District Administration,VERIFY,P1104,,Synthetic harmonized record,Reproducible synthetic audit event.,2026-05-30T12:00:00,SYNTHETIC DEMO DATA — NOT OFFICIAL GOVERNMENT RECORDS
AUD-0105,OFFICER-009,DISTRICT_ADMIN,Synthetic District Administration,UPDATE,P1105,,Synthetic harmonized record,Reproducible synthetic audit event.,2026-05-29T12:00:00,SYNTHETIC DEMO DATA — NOT OFFICIAL GOVERNMENT RECORDS
AUD-0106,OFFICER-010,DISTRICT_ADMIN,Synthetic District Administration,CREATE,P1106,,Synthetic harmonized record,Reproducible synthetic audit event.,2026-05-28T12:00:00,SYNTHETIC DEMO DATA — NOT OFFICIAL GOVERNMENT RECORDS
AUD-0107,OFFICER-011,DISTRICT_ADMIN,Synthetic District Administration,MATCH,P1107,,Synthetic harmonized record,Reproducible synthetic audit event.,2026-05-27T12:00:00,SYNTHETIC DEMO DATA — NOT OFFICIAL GOVERNMENT RECORDS
AUD-0108,OFFICER-012,DISTRICT_ADMIN,Synthetic District Administration,FLAG,P1108,,Synthetic harmonized record,Reproducible synthetic audit event.,2026-05-26T12:00:00,SYNTHETIC DEMO DATA — NOT OFFICIAL GOVERNMENT RECORDS
AUD-0109,OFFICER-001,DISTRICT_ADMIN,Synthetic District Administration,VERIFY,P1109,,Synthetic harmonized record,Reproducible synthetic audit event.,2026-05-25T12:00:00,SYNTHETIC DEMO DATA — NOT OFFICIAL GOVERNMENT RECORDS
AUD-0110,OFFICER-002,DISTRICT_ADMIN,Synthetic District Administration,UPDATE,P1110,,Synthetic harmonized record,Reproducible synthetic audit event.,2026-05-24T12:00:00,SYNTHETIC DEMO DATA — NOT OFFICIAL GOVERNMENT RECORDS
AUD-0111,OFFICER-003,DISTRICT_ADMIN,Synthetic District Administration,CREATE,P1111,,Synthetic harmonized record,Reproducible synthetic audit event.,2026-05-23T12:00:00,SYNTHETIC DEMO DATA — NOT OFFICIAL GOVERNMENT RECORDS
AUD-0112,OFFICER-004,DISTRICT_ADMIN,Synthetic District Administration,MATCH,P1112,,Synthetic harmonized record,Reproducible synthetic audit event.,2026-05-22T12:00:00,SYNTHETIC DEMO DATA — NOT OFFICIAL GOVERNMENT RECORDS
AUD-0113,OFFICER-005,DISTRICT_ADMIN,Synthetic District Administration,FLAG,P1113,,Synthetic harmonized record,Reproducible synthetic audit event.,2026-05-21T12:00:00,SYNTHETIC DEMO DATA — NOT OFFICIAL GOVERNMENT RECORDS
AUD-0114,OFFICER-006,DISTRICT_ADMIN,Synthetic District Administration,VERIFY,P1114,,Synthetic harmonized record,Reproducible synthetic audit event.,2026-05-20T12:00:00,SYNTHETIC DEMO DATA — NOT OFFICIAL GOVERNMENT RECORDS
AUD-0115,OFFICER-007,DISTRICT_ADMIN,Synthetic District Administration,UPDATE,P1115,,Synthetic harmonized record,Reproducible synthetic audit event.,2026-05-19T12:00:00,SYNTHETIC DEMO DATA — NOT OFFICIAL GOVERNMENT RECORDS
AUD-0116,OFFICER-008,DISTRICT_ADMIN,Synthetic District Administration,CREATE,P1116,,Synthetic harmonized record,Reproducible synthetic audit event.,2026-05-18T12:00:00,SYNTHETIC DEMO DATA — NOT OFFICIAL GOVERNMENT RECORDS
AUD-0117,OFFICER-009,DISTRICT_ADMIN,Synthetic District Administration,MATCH,P1117,,Synthetic harmonized record,Reproducible synthetic audit event.,2026-05-17T12:00:00,SYNTHETIC DEMO DATA — NOT OFFICIAL GOVERNMENT RECORDS
AUD-0118,OFFICER-010,DISTRICT_ADMIN,Synthetic District Administration,FLAG,P1118,,Synthetic harmonized record,Reproducible synthetic audit event.,2026-05-16T12:00:00,SYNTHETIC DEMO DATA — NOT OFFICIAL GOVERNMENT RECORDS
AUD-0119,OFFICER-011,DISTRICT_ADMIN,Synthetic District Administration,VERIFY,P1119,,Synthetic harmonized record,Reproducible synthetic audit event.,2026-05-15T12:00:00,SYNTHETIC DEMO DATA — NOT OFFICIAL GOVERNMENT RECORDS
AUD-0120,OFFICER-012,DISTRICT_ADMIN,Synthetic District Administration,UPDATE,P1120,,Synthetic harmonized record,Reproducible synthetic audit event.,2026-05-14T12:00:00,SYNTHETIC DEMO DATA — NOT OFFICIAL GOVERNMENT RECORDS
AUD-0121,OFFICER-001,DISTRICT_ADMIN,Synthetic District Administration,CREATE,P1121,,Synthetic harmonized record,Reproducible synthetic audit event.,2026-09-10T12:00:00,SYNTHETIC DEMO DATA — NOT OFFICIAL GOVERNMENT RECORDS
AUD-0122,OFFICER-002,DISTRICT_ADMIN,Synthetic District Administration,MATCH,P1122,,Synthetic harmonized record,Reproducible synthetic audit event.,2026-09-09T12:00:00,SYNTHETIC DEMO DATA — NOT OFFICIAL GOVERNMENT RECORDS
AUD-0123,OFFICER-003,DISTRICT_ADMIN,Synthetic District Administration,FLAG,P1123,,Synthetic harmonized record,Reproducible synthetic audit event.,2026-09-08T12:00:00,SYNTHETIC DEMO DATA — NOT OFFICIAL GOVERNMENT RECORDS
AUD-0124,OFFICER-004,DISTRICT_ADMIN,Synthetic District Administration,VERIFY,P1124,,Synthetic harmonized record,Reproducible synthetic audit event.,2026-09-07T12:00:00,SYNTHETIC DEMO DATA — NOT OFFICIAL GOVERNMENT RECORDS
AUD-0125,OFFICER-005,DISTRICT_ADMIN,Synthetic District Administration,UPDATE,P1125,,Synthetic harmonized record,Reproducible synthetic audit event.,2026-09-06T12:00:00,SYNTHETIC DEMO DATA — NOT OFFICIAL GOVERNMENT RECORDS
AUD-0126,OFFICER-006,DISTRICT_ADMIN,Synthetic District Administration,CREATE,P1126,,Synthetic harmonized record,Reproducible synthetic audit event.,2026-09-05T12:00:00,SYNTHETIC DEMO DATA — NOT OFFICIAL GOVERNMENT RECORDS
AUD-0127,OFFICER-007,DISTRICT_ADMIN,Synthetic District Administration,MATCH,P1127,,Synthetic harmonized record,Reproducible synthetic audit event.,2026-09-04T12:00:00,SYNTHETIC DEMO DATA — NOT OFFICIAL GOVERNMENT RECORDS
AUD-0128,OFFICER-008,DISTRICT_ADMIN,Synthetic District Administration,FLAG,P1128,,Synthetic harmonized record,Reproducible synthetic audit event.,2026-09-03T12:00:00,SYNTHETIC DEMO DATA — NOT OFFICIAL GOVERNMENT RECORDS
AUD-0129,OFFICER-009,DISTRICT_ADMIN,Synthetic District Administration,VERIFY,P1129,,Synthetic harmonized record,Reproducible synthetic audit event.,2026-09-02T12:00:00,SYNTHETIC DEMO DATA — NOT OFFICIAL GOVERNMENT RECORDS
AUD-0130,OFFICER-010,DISTRICT_ADMIN,Synthetic District Administration,UPDATE,P1130,,Synthetic harmonized record,Reproducible synthetic audit event.,2026-09-01T12:00:00,SYNTHETIC DEMO DATA — NOT OFFICIAL GOVERNMENT RECORDS
AUD-0131,OFFICER-011,DISTRICT_ADMIN,Synthetic District Administration,CREATE,P1131,,Synthetic harmonized record,Reproducible synthetic audit event.,2026-08-31T12:00:00,SYNTHETIC DEMO DATA — NOT OFFICIAL GOVERNMENT RECORDS
AUD-0132,OFFICER-012,DISTRICT_ADMIN,Synthetic District Administration,MATCH,P1132,,Synthetic harmonized record,Reproducible synthetic audit event.,2026-08-30T12:00:00,SYNTHETIC DEMO DATA — NOT OFFICIAL GOVERNMENT RECORDS
AUD-0133,OFFICER-001,DISTRICT_ADMIN,Synthetic District Administration,FLAG,P1133,,Synthetic harmonized record,Reproducible synthetic audit event.,2026-08-29T12:00:00,SYNTHETIC DEMO DATA — NOT OFFICIAL GOVERNMENT RECORDS
AUD-0134,OFFICER-002,DISTRICT_ADMIN,Synthetic District Administration,VERIFY,P1134,,Synthetic harmonized record,Reproducible synthetic audit event.,2026-08-28T12:00:00,SYNTHETIC DEMO DATA — NOT OFFICIAL GOVERNMENT RECORDS
AUD-0135,OFFICER-003,DISTRICT_ADMIN,Synthetic District Administration,UPDATE,P1135,,Synthetic harmonized record,Reproducible synthetic audit event.,2026-08-27T12:00:00,SYNTHETIC DEMO DATA — NOT OFFICIAL GOVERNMENT RECORDS
AUD-0136,OFFICER-004,DISTRICT_ADMIN,Synthetic District Administration,CREATE,P1136,,Synthetic harmonized record,Reproducible synthetic audit event.,2026-08-26T12:00:00,SYNTHETIC DEMO DATA — NOT OFFICIAL GOVERNMENT RECORDS
AUD-0137,OFFICER-005,DISTRICT_ADMIN,Synthetic District Administration,MATCH,P1137,,Synthetic harmonized record,Reproducible synthetic audit event.,2026-08-25T12:00:00,SYNTHETIC DEMO DATA — NOT OFFICIAL GOVERNMENT RECORDS
AUD-0138,OFFICER-006,DISTRICT_ADMIN,Synthetic District Administration,FLAG,P1138,,Synthetic harmonized record,Reproducible synthetic audit event.,2026-08-24T12:00:00,SYNTHETIC DEMO DATA — NOT OFFICIAL GOVERNMENT RECORDS
AUD-0139,OFFICER-007,DISTRICT_ADMIN,Synthetic District Administration,VERIFY,P1139,,Synthetic harmonized record,Reproducible synthetic audit event.,2026-08-23T12:00:00,SYNTHETIC DEMO DATA — NOT OFFICIAL GOVERNMENT RECORDS
AUD-0140,OFFICER-008,DISTRICT_ADMIN,Synthetic District Administration,UPDATE,P1140,,Synthetic harmonized record,Reproducible synthetic audit event.,2026-08-22T12:00:00,SYNTHETIC DEMO DATA — NOT OFFICIAL GOVERNMENT RECORDS
AUD-0141,OFFICER-009,DISTRICT_ADMIN,Synthetic District Administration,CREATE,P1141,,Synthetic harmonized record,Reproducible synthetic audit event.,2026-08-21T12:00:00,SYNTHETIC DEMO DATA — NOT OFFICIAL GOVERNMENT RECORDS
AUD-0142,OFFICER-010,DISTRICT_ADMIN,Synthetic District Administration,MATCH,P1142,,Synthetic harmonized record,Reproducible synthetic audit event.,2026-08-20T12:00:00,SYNTHETIC DEMO DATA — NOT OFFICIAL GOVERNMENT RECORDS
AUD-0143,OFFICER-011,DISTRICT_ADMIN,Synthetic District Administration,FLAG,P1143,,Synthetic harmonized record,Reproducible synthetic audit event.,2026-08-19T12:00:00,SYNTHETIC DEMO DATA — NOT OFFICIAL GOVERNMENT RECORDS
AUD-0144,OFFICER-012,DISTRICT_ADMIN,Synthetic District Administration,VERIFY,P1144,,Synthetic harmonized record,Reproducible synthetic audit event.,2026-08-18T12:00:00,SYNTHETIC DEMO DATA — NOT OFFICIAL GOVERNMENT RECORDS
AUD-0145,OFFICER-001,DISTRICT_ADMIN,Synthetic District Administration,UPDATE,P1145,,Synthetic harmonized record,Reproducible synthetic audit event.,2026-08-17T12:00:00,SYNTHETIC DEMO DATA — NOT OFFICIAL GOVERNMENT RECORDS
AUD-0146,OFFICER-002,DISTRICT_ADMIN,Synthetic District Administration,CREATE,P1146,,Synthetic harmonized record,Reproducible synthetic audit event.,2026-08-16T12:00:00,SYNTHETIC DEMO DATA — NOT OFFICIAL GOVERNMENT RECORDS
AUD-0147,OFFICER-003,DISTRICT_ADMIN,Synthetic District Administration,MATCH,P1147,,Synthetic harmonized record,Reproducible synthetic audit event.,2026-08-15T12:00:00,SYNTHETIC DEMO DATA — NOT OFFICIAL GOVERNMENT RECORDS
AUD-0148,OFFICER-004,DISTRICT_ADMIN,Synthetic District Administration,FLAG,P1148,,Synthetic harmonized record,Reproducible synthetic audit event.,2026-08-14T12:00:00,SYNTHETIC DEMO DATA — NOT OFFICIAL GOVERNMENT RECORDS
AUD-0149,OFFICER-005,DISTRICT_ADMIN,Synthetic District Administration,VERIFY,P1149,,Synthetic harmonized record,Reproducible synthetic audit event.,2026-08-13T12:00:00,SYNTHETIC DEMO DATA — NOT OFFICIAL GOVERNMENT RECORDS
AUD-0150,OFFICER-006,DISTRICT_ADMIN,Synthetic District Administration,UPDATE,P1150,,Synthetic harmonized record,Reproducible synthetic audit event.,2026-08-12T12:00:00,SYNTHETIC DEMO DATA — NOT OFFICIAL GOVERNMENT RECORDS
AUD-0151,OFFICER-007,DISTRICT_ADMIN,Synthetic District Administration,CREATE,P1151,,Synthetic harmonized record,Reproducible synthetic audit event.,2026-08-11T12:00:00,SYNTHETIC DEMO DATA — NOT OFFICIAL GOVERNMENT RECORDS
AUD-0152,OFFICER-008,DISTRICT_ADMIN,Synthetic District Administration,MATCH,P1152,,Synthetic harmonized record,Reproducible synthetic audit event.,2026-08-10T12:00:00,SYNTHETIC DEMO DATA — NOT OFFICIAL GOVERNMENT RECORDS
AUD-0153,OFFICER-009,DISTRICT_ADMIN,Synthetic District Administration,FLAG,P1153,,Synthetic harmonized record,Reproducible synthetic audit event.,2026-08-09T12:00:00,SYNTHETIC DEMO DATA — NOT OFFICIAL GOVERNMENT RECORDS
AUD-0154,OFFICER-010,DISTRICT_ADMIN,Synthetic District Administration,VERIFY,P1154,,Synthetic harmonized record,Reproducible synthetic audit event.,2026-08-08T12:00:00,SYNTHETIC DEMO DATA — NOT OFFICIAL GOVERNMENT RECORDS
AUD-0155,OFFICER-011,DISTRICT_ADMIN,Synthetic District Administration,UPDATE,P1155,,Synthetic harmonized record,Reproducible synthetic audit event.,2026-08-07T12:00:00,SYNTHETIC DEMO DATA — NOT OFFICIAL GOVERNMENT RECORDS
AUD-0156,OFFICER-012,DISTRICT_ADMIN,Synthetic District Administration,CREATE,P1156,,Synthetic harmonized record,Reproducible synthetic audit event.,2026-08-06T12:00:00,SYNTHETIC DEMO DATA — NOT OFFICIAL GOVERNMENT RECORDS
AUD-0157,OFFICER-001,DISTRICT_ADMIN,Synthetic District Administration,MATCH,P1157,,Synthetic harmonized record,Reproducible synthetic audit event.,2026-08-05T12:00:00,SYNTHETIC DEMO DATA — NOT OFFICIAL GOVERNMENT RECORDS
AUD-0158,OFFICER-002,DISTRICT_ADMIN,Synthetic District Administration,FLAG,P1158,,Synthetic harmonized record,Reproducible synthetic audit event.,2026-08-04T12:00:00,SYNTHETIC DEMO DATA — NOT OFFICIAL GOVERNMENT RECORDS
AUD-0159,OFFICER-003,DISTRICT_ADMIN,Synthetic District Administration,VERIFY,P1159,,Synthetic harmonized record,Reproducible synthetic audit event.,2026-08-03T12:00:00,SYNTHETIC DEMO DATA — NOT OFFICIAL GOVERNMENT RECORDS
AUD-0160,OFFICER-004,DISTRICT_ADMIN,Synthetic District Administration,UPDATE,P1160,,Synthetic harmonized record,Reproducible synthetic audit event.,2026-08-02T12:00:00,SYNTHETIC DEMO DATA — NOT OFFICIAL GOVERNMENT RECORDS
AUD-0161,OFFICER-005,DISTRICT_ADMIN,Synthetic District Administration,CREATE,P1161,,Synthetic harmonized record,Reproducible synthetic audit event.,2026-08-01T12:00:00,SYNTHETIC DEMO DATA — NOT OFFICIAL GOVERNMENT RECORDS
AUD-0162,OFFICER-006,DISTRICT_ADMIN,Synthetic District Administration,MATCH,P1162,,Synthetic harmonized record,Reproducible synthetic audit event.,2026-07-31T12:00:00,SYNTHETIC DEMO DATA — NOT OFFICIAL GOVERNMENT RECORDS
AUD-0163,OFFICER-007,DISTRICT_ADMIN,Synthetic District Administration,FLAG,P1163,,Synthetic harmonized record,Reproducible synthetic audit event.,2026-07-30T12:00:00,SYNTHETIC DEMO DATA — NOT OFFICIAL GOVERNMENT RECORDS
AUD-0164,OFFICER-008,DISTRICT_ADMIN,Synthetic District Administration,VERIFY,P1164,,Synthetic harmonized record,Reproducible synthetic audit event.,2026-07-29T12:00:00,SYNTHETIC DEMO DATA — NOT OFFICIAL GOVERNMENT RECORDS
AUD-0165,OFFICER-009,DISTRICT_ADMIN,Synthetic District Administration,UPDATE,P1165,,Synthetic harmonized record,Reproducible synthetic audit event.,2026-07-28T12:00:00,SYNTHETIC DEMO DATA — NOT OFFICIAL GOVERNMENT RECORDS
AUD-0166,OFFICER-010,DISTRICT_ADMIN,Synthetic District Administration,CREATE,P1166,,Synthetic harmonized record,Reproducible synthetic audit event.,2026-07-27T12:00:00,SYNTHETIC DEMO DATA — NOT OFFICIAL GOVERNMENT RECORDS
AUD-0167,OFFICER-011,DISTRICT_ADMIN,Synthetic District Administration,MATCH,P1167,,Synthetic harmonized record,Reproducible synthetic audit event.,2026-07-26T12:00:00,SYNTHETIC DEMO DATA — NOT OFFICIAL GOVERNMENT RECORDS
AUD-0168,OFFICER-012,DISTRICT_ADMIN,Synthetic District Administration,FLAG,P1168,,Synthetic harmonized record,Reproducible synthetic audit event.,2026-07-25T12:00:00,SYNTHETIC DEMO DATA — NOT OFFICIAL GOVERNMENT RECORDS
AUD-0169,OFFICER-001,DISTRICT_ADMIN,Synthetic District Administration,VERIFY,P1169,,Synthetic harmonized record,Reproducible synthetic audit event.,2026-07-24T12:00:00,SYNTHETIC DEMO DATA — NOT OFFICIAL GOVERNMENT RECORDS
AUD-0170,OFFICER-002,DISTRICT_ADMIN,Synthetic District Administration,UPDATE,P1170,,Synthetic harmonized record,Reproducible synthetic audit event.,2026-07-23T12:00:00,SYNTHETIC DEMO DATA — NOT OFFICIAL GOVERNMENT RECORDS
AUD-0171,OFFICER-003,DISTRICT_ADMIN,Synthetic District Administration,CREATE,P1171,,Synthetic harmonized record,Reproducible synthetic audit event.,2026-07-22T12:00:00,SYNTHETIC DEMO DATA — NOT OFFICIAL GOVERNMENT RECORDS
AUD-0172,OFFICER-004,DISTRICT_ADMIN,Synthetic District Administration,MATCH,P1172,,Synthetic harmonized record,Reproducible synthetic audit event.,2026-07-21T12:00:00,SYNTHETIC DEMO DATA — NOT OFFICIAL GOVERNMENT RECORDS
AUD-0173,OFFICER-005,DISTRICT_ADMIN,Synthetic District Administration,FLAG,P1173,,Synthetic harmonized record,Reproducible synthetic audit event.,2026-07-20T12:00:00,SYNTHETIC DEMO DATA — NOT OFFICIAL GOVERNMENT RECORDS
AUD-0174,OFFICER-006,DISTRICT_ADMIN,Synthetic District Administration,VERIFY,P1174,,Synthetic harmonized record,Reproducible synthetic audit event.,2026-07-19T12:00:00,SYNTHETIC DEMO DATA — NOT OFFICIAL GOVERNMENT RECORDS
AUD-0175,OFFICER-007,DISTRICT_ADMIN,Synthetic District Administration,UPDATE,P1175,,Synthetic harmonized record,Reproducible synthetic audit event.,2026-07-18T12:00:00,SYNTHETIC DEMO DATA — NOT OFFICIAL GOVERNMENT RECORDS
AUD-0176,OFFICER-008,DISTRICT_ADMIN,Synthetic District Administration,CREATE,P1176,,Synthetic harmonized record,Reproducible synthetic audit event.,2026-07-17T12:00:00,SYNTHETIC DEMO DATA — NOT OFFICIAL GOVERNMENT RECORDS
AUD-0177,OFFICER-009,DISTRICT_ADMIN,Synthetic District Administration,MATCH,P1177,,Synthetic harmonized record,Reproducible synthetic audit event.,2026-07-16T12:00:00,SYNTHETIC DEMO DATA — NOT OFFICIAL GOVERNMENT RECORDS
AUD-0178,OFFICER-010,DISTRICT_ADMIN,Synthetic District Administration,FLAG,P1178,,Synthetic harmonized record,Reproducible synthetic audit event.,2026-07-15T12:00:00,SYNTHETIC DEMO DATA — NOT OFFICIAL GOVERNMENT RECORDS
AUD-0179,OFFICER-011,DISTRICT_ADMIN,Synthetic District Administration,VERIFY,P1179,,Synthetic harmonized record,Reproducible synthetic audit event.,2026-07-14T12:00:00,SYNTHETIC DEMO DATA — NOT OFFICIAL GOVERNMENT RECORDS
AUD-0180,OFFICER-012,DISTRICT_ADMIN,Synthetic District Administration,UPDATE,P1180,,Synthetic harmonized record,Reproducible synthetic audit event.,2026-07-13T12:00:00,SYNTHETIC DEMO DATA — NOT OFFICIAL GOVERNMENT RECORDS
AUD-0181,OFFICER-001,DISTRICT_ADMIN,Synthetic District Administration,CREATE,P1181,,Synthetic harmonized record,Reproducible synthetic audit event.,2026-07-12T12:00:00,SYNTHETIC DEMO DATA — NOT OFFICIAL GOVERNMENT RECORDS
AUD-0182,OFFICER-002,DISTRICT_ADMIN,Synthetic District Administration,MATCH,P1182,,Synthetic harmonized record,Reproducible synthetic audit event.,2026-07-11T12:00:00,SYNTHETIC DEMO DATA — NOT OFFICIAL GOVERNMENT RECORDS
AUD-0183,OFFICER-003,DISTRICT_ADMIN,Synthetic District Administration,FLAG,P1183,,Synthetic harmonized record,Reproducible synthetic audit event.,2026-07-10T12:00:00,SYNTHETIC DEMO DATA — NOT OFFICIAL GOVERNMENT RECORDS
AUD-0184,OFFICER-004,DISTRICT_ADMIN,Synthetic District Administration,VERIFY,P1184,,Synthetic harmonized record,Reproducible synthetic audit event.,2026-07-09T12:00:00,SYNTHETIC DEMO DATA — NOT OFFICIAL GOVERNMENT RECORDS
AUD-0185,OFFICER-005,DISTRICT_ADMIN,Synthetic District Administration,UPDATE,P1185,,Synthetic harmonized record,Reproducible synthetic audit event.,2026-07-08T12:00:00,SYNTHETIC DEMO DATA — NOT OFFICIAL GOVERNMENT RECORDS
AUD-0186,OFFICER-006,DISTRICT_ADMIN,Synthetic District Administration,CREATE,P1186,,Synthetic harmonized record,Reproducible synthetic audit event.,2026-07-07T12:00:00,SYNTHETIC DEMO DATA — NOT OFFICIAL GOVERNMENT RECORDS
AUD-0187,OFFICER-007,DISTRICT_ADMIN,Synthetic District Administration,MATCH,P1187,,Synthetic harmonized record,Reproducible synthetic audit event.,2026-07-06T12:00:00,SYNTHETIC DEMO DATA — NOT OFFICIAL GOVERNMENT RECORDS
AUD-0188,OFFICER-008,DISTRICT_ADMIN,Synthetic District Administration,FLAG,P1188,,Synthetic harmonized record,Reproducible synthetic audit event.,2026-07-05T12:00:00,SYNTHETIC DEMO DATA — NOT OFFICIAL GOVERNMENT RECORDS
AUD-0189,OFFICER-009,DISTRICT_ADMIN,Synthetic District Administration,VERIFY,P1189,,Synthetic harmonized record,Reproducible synthetic audit event.,2026-07-04T12:00:00,SYNTHETIC DEMO DATA — NOT OFFICIAL GOVERNMENT RECORDS
AUD-0190,OFFICER-010,DISTRICT_ADMIN,Synthetic District Administration,UPDATE,P1190,,Synthetic harmonized record,Reproducible synthetic audit event.,2026-07-03T12:00:00,SYNTHETIC DEMO DATA — NOT OFFICIAL GOVERNMENT RECORDS
AUD-0191,OFFICER-011,DISTRICT_ADMIN,Synthetic District Administration,CREATE,P1191,,Synthetic harmonized record,Reproducible synthetic audit event.,2026-07-02T12:00:00,SYNTHETIC DEMO DATA — NOT OFFICIAL GOVERNMENT RECORDS
AUD-0192,OFFICER-012,DISTRICT_ADMIN,Synthetic District Administration,MATCH,P1192,,Synthetic harmonized record,Reproducible synthetic audit event.,2026-07-01T12:00:00,SYNTHETIC DEMO DATA — NOT OFFICIAL GOVERNMENT RECORDS
AUD-0193,OFFICER-001,DISTRICT_ADMIN,Synthetic District Administration,FLAG,P1193,,Synthetic harmonized record,Reproducible synthetic audit event.,2026-06-30T12:00:00,SYNTHETIC DEMO DATA — NOT OFFICIAL GOVERNMENT RECORDS
AUD-0194,OFFICER-002,DISTRICT_ADMIN,Synthetic District Administration,VERIFY,P1194,,Synthetic harmonized record,Reproducible synthetic audit event.,2026-06-29T12:00:00,SYNTHETIC DEMO DATA — NOT OFFICIAL GOVERNMENT RECORDS
AUD-0195,OFFICER-003,DISTRICT_ADMIN,Synthetic District Administration,UPDATE,P1195,,Synthetic harmonized record,Reproducible synthetic audit event.,2026-06-28T12:00:00,SYNTHETIC DEMO DATA — NOT OFFICIAL GOVERNMENT RECORDS
AUD-0196,OFFICER-004,DISTRICT_ADMIN,Synthetic District Administration,CREATE,P1196,,Synthetic harmonized record,Reproducible synthetic audit event.,2026-06-27T12:00:00,SYNTHETIC DEMO DATA — NOT OFFICIAL GOVERNMENT RECORDS
AUD-0197,OFFICER-005,DISTRICT_ADMIN,Synthetic District Administration,MATCH,P1197,,Synthetic harmonized record,Reproducible synthetic audit event.,2026-06-26T12:00:00,SYNTHETIC DEMO DATA — NOT OFFICIAL GOVERNMENT RECORDS
AUD-0198,OFFICER-006,DISTRICT_ADMIN,Synthetic District Administration,FLAG,P1198,,Synthetic harmonized record,Reproducible synthetic audit event.,2026-06-25T12:00:00,SYNTHETIC DEMO DATA — NOT OFFICIAL GOVERNMENT RECORDS
AUD-0199,OFFICER-007,DISTRICT_ADMIN,Synthetic District Administration,VERIFY,P1199,,Synthetic harmonized record,Reproducible synthetic audit event.,2026-06-24T12:00:00,SYNTHETIC DEMO DATA — NOT OFFICIAL GOVERNMENT RECORDS
AUD-0200,OFFICER-008,DISTRICT_ADMIN,Synthetic District Administration,UPDATE,P1200,,Synthetic harmonized record,Reproducible synthetic audit event.,2026-06-23T12:00:00,SYNTHETIC DEMO DATA — NOT OFFICIAL GOVERNMENT RECORDS
AUD-0201,OFFICER-009,DISTRICT_ADMIN,Synthetic District Administration,CREATE,P1201,,Synthetic harmonized record,Reproducible synthetic audit event.,2026-06-22T12:00:00,SYNTHETIC DEMO DATA — NOT OFFICIAL GOVERNMENT RECORDS
AUD-0202,OFFICER-010,DISTRICT_ADMIN,Synthetic District Administration,MATCH,P1202,,Synthetic harmonized record,Reproducible synthetic audit event.,2026-06-21T12:00:00,SYNTHETIC DEMO DATA — NOT OFFICIAL GOVERNMENT RECORDS
AUD-0203,OFFICER-011,DISTRICT_ADMIN,Synthetic District Administration,FLAG,P1203,,Synthetic harmonized record,Reproducible synthetic audit event.,2026-06-20T12:00:00,SYNTHETIC DEMO DATA — NOT OFFICIAL GOVERNMENT RECORDS
AUD-0204,OFFICER-012,DISTRICT_ADMIN,Synthetic District Administration,VERIFY,P1204,,Synthetic harmonized record,Reproducible synthetic audit event.,2026-06-19T12:00:00,SYNTHETIC DEMO DATA — NOT OFFICIAL GOVERNMENT RECORDS
AUD-0205,OFFICER-001,DISTRICT_ADMIN,Synthetic District Administration,UPDATE,P1205,,Synthetic harmonized record,Reproducible synthetic audit event.,2026-06-18T12:00:00,SYNTHETIC DEMO DATA — NOT OFFICIAL GOVERNMENT RECORDS
AUD-0206,OFFICER-002,DISTRICT_ADMIN,Synthetic District Administration,CREATE,P1206,,Synthetic harmonized record,Reproducible synthetic audit event.,2026-06-17T12:00:00,SYNTHETIC DEMO DATA — NOT OFFICIAL GOVERNMENT RECORDS
AUD-0207,OFFICER-003,DISTRICT_ADMIN,Synthetic District Administration,MATCH,P1207,,Synthetic harmonized record,Reproducible synthetic audit event.,2026-06-16T12:00:00,SYNTHETIC DEMO DATA — NOT OFFICIAL GOVERNMENT RECORDS
AUD-0208,OFFICER-004,DISTRICT_ADMIN,Synthetic District Administration,FLAG,P1208,,Synthetic harmonized record,Reproducible synthetic audit event.,2026-06-15T12:00:00,SYNTHETIC DEMO DATA — NOT OFFICIAL GOVERNMENT RECORDS
AUD-0209,OFFICER-005,DISTRICT_ADMIN,Synthetic District Administration,VERIFY,P1209,,Synthetic harmonized record,Reproducible synthetic audit event.,2026-06-14T12:00:00,SYNTHETIC DEMO DATA — NOT OFFICIAL GOVERNMENT RECORDS
AUD-0210,OFFICER-006,DISTRICT_ADMIN,Synthetic District Administration,UPDATE,P1210,,Synthetic harmonized record,Reproducible synthetic audit event.,2026-06-13T12:00:00,SYNTHETIC DEMO DATA — NOT OFFICIAL GOVERNMENT RECORDS
AUD-0211,OFFICER-007,DISTRICT_ADMIN,Synthetic District Administration,CREATE,P1211,,Synthetic harmonized record,Reproducible synthetic audit event.,2026-06-12T12:00:00,SYNTHETIC DEMO DATA — NOT OFFICIAL GOVERNMENT RECORDS
AUD-0212,OFFICER-008,DISTRICT_ADMIN,Synthetic District Administration,MATCH,P1212,,Synthetic harmonized record,Reproducible synthetic audit event.,2026-06-11T12:00:00,SYNTHETIC DEMO DATA — NOT OFFICIAL GOVERNMENT RECORDS
AUD-0213,OFFICER-009,DISTRICT_ADMIN,Synthetic District Administration,FLAG,P1213,,Synthetic harmonized record,Reproducible synthetic audit event.,2026-06-10T12:00:00,SYNTHETIC DEMO DATA — NOT OFFICIAL GOVERNMENT RECORDS
AUD-0214,OFFICER-010,DISTRICT_ADMIN,Synthetic District Administration,VERIFY,P1214,,Synthetic harmonized record,Reproducible synthetic audit event.,2026-06-09T12:00:00,SYNTHETIC DEMO DATA — NOT OFFICIAL GOVERNMENT RECORDS
AUD-0215,OFFICER-011,DISTRICT_ADMIN,Synthetic District Administration,UPDATE,P1215,,Synthetic harmonized record,Reproducible synthetic audit event.,2026-06-08T12:00:00,SYNTHETIC DEMO DATA — NOT OFFICIAL GOVERNMENT RECORDS
AUD-0216,OFFICER-012,DISTRICT_ADMIN,Synthetic District Administration,CREATE,P1216,,Synthetic harmonized record,Reproducible synthetic audit event.,2026-06-07T12:00:00,SYNTHETIC DEMO DATA — NOT OFFICIAL GOVERNMENT RECORDS
AUD-0217,OFFICER-001,DISTRICT_ADMIN,Synthetic District Administration,MATCH,P1217,,Synthetic harmonized record,Reproducible synthetic audit event.,2026-06-06T12:00:00,SYNTHETIC DEMO DATA — NOT OFFICIAL GOVERNMENT RECORDS
AUD-0218,OFFICER-002,DISTRICT_ADMIN,Synthetic District Administration,FLAG,P1218,,Synthetic harmonized record,Reproducible synthetic audit event.,2026-06-05T12:00:00,SYNTHETIC DEMO DATA — NOT OFFICIAL GOVERNMENT RECORDS
AUD-0219,OFFICER-003,DISTRICT_ADMIN,Synthetic District Administration,VERIFY,P1219,,Synthetic harmonized record,Reproducible synthetic audit event.,2026-06-04T12:00:00,SYNTHETIC DEMO DATA — NOT OFFICIAL GOVERNMENT RECORDS
AUD-0220,OFFICER-004,DISTRICT_ADMIN,Synthetic District Administration,UPDATE,P1220,,Synthetic harmonized record,Reproducible synthetic audit event.,2026-06-03T12:00:00,SYNTHETIC DEMO DATA — NOT OFFICIAL GOVERNMENT RECORDS
AUD-0221,OFFICER-005,DISTRICT_ADMIN,Synthetic District Administration,CREATE,P1221,,Synthetic harmonized record,Reproducible synthetic audit event.,2026-06-02T12:00:00,SYNTHETIC DEMO DATA — NOT OFFICIAL GOVERNMENT RECORDS
AUD-0222,OFFICER-006,DISTRICT_ADMIN,Synthetic District Administration,MATCH,P1222,,Synthetic harmonized record,Reproducible synthetic audit event.,2026-06-01T12:00:00,SYNTHETIC DEMO DATA — NOT OFFICIAL GOVERNMENT RECORDS
AUD-0223,OFFICER-007,DISTRICT_ADMIN,Synthetic District Administration,FLAG,P1223,,Synthetic harmonized record,Reproducible synthetic audit event.,2026-05-31T12:00:00,SYNTHETIC DEMO DATA — NOT OFFICIAL GOVERNMENT RECORDS
AUD-0224,OFFICER-008,DISTRICT_ADMIN,Synthetic District Administration,VERIFY,P1224,,Synthetic harmonized record,Reproducible synthetic audit event.,2026-05-30T12:00:00,SYNTHETIC DEMO DATA — NOT OFFICIAL GOVERNMENT RECORDS
AUD-0225,OFFICER-009,DISTRICT_ADMIN,Synthetic District Administration,UPDATE,P1225,,Synthetic harmonized record,Reproducible synthetic audit event.,2026-05-29T12:00:00,SYNTHETIC DEMO DATA — NOT OFFICIAL GOVERNMENT RECORDS
AUD-0226,OFFICER-010,DISTRICT_ADMIN,Synthetic District Administration,CREATE,P1226,,Synthetic harmonized record,Reproducible synthetic audit event.,2026-05-28T12:00:00,SYNTHETIC DEMO DATA — NOT OFFICIAL GOVERNMENT RECORDS
AUD-0227,OFFICER-011,DISTRICT_ADMIN,Synthetic District Administration,MATCH,P1227,,Synthetic harmonized record,Reproducible synthetic audit event.,2026-05-27T12:00:00,SYNTHETIC DEMO DATA — NOT OFFICIAL GOVERNMENT RECORDS
AUD-0228,OFFICER-012,DISTRICT_ADMIN,Synthetic District Administration,FLAG,P1228,,Synthetic harmonized record,Reproducible synthetic audit event.,2026-05-26T12:00:00,SYNTHETIC DEMO DATA — NOT OFFICIAL GOVERNMENT RECORDS
AUD-0229,OFFICER-001,DISTRICT_ADMIN,Synthetic District Administration,VERIFY,P1229,,Synthetic harmonized record,Reproducible synthetic audit event.,2026-05-25T12:00:00,SYNTHETIC DEMO DATA — NOT OFFICIAL GOVERNMENT RECORDS
AUD-0230,OFFICER-002,DISTRICT_ADMIN,Synthetic District Administration,UPDATE,P1230,,Synthetic harmonized record,Reproducible synthetic audit event.,2026-05-24T12:00:00,SYNTHETIC DEMO DATA — NOT OFFICIAL GOVERNMENT RECORDS
AUD-0231,OFFICER-003,DISTRICT_ADMIN,Synthetic District Administration,CREATE,P1231,,Synthetic harmonized record,Reproducible synthetic audit event.,2026-05-23T12:00:00,SYNTHETIC DEMO DATA — NOT OFFICIAL GOVERNMENT RECORDS
AUD-0232,OFFICER-004,DISTRICT_ADMIN,Synthetic District Administration,MATCH,P1232,,Synthetic harmonized record,Reproducible synthetic audit event.,2026-05-22T12:00:00,SYNTHETIC DEMO DATA — NOT OFFICIAL GOVERNMENT RECORDS
AUD-0233,OFFICER-005,DISTRICT_ADMIN,Synthetic District Administration,FLAG,P1233,,Synthetic harmonized record,Reproducible synthetic audit event.,2026-05-21T12:00:00,SYNTHETIC DEMO DATA — NOT OFFICIAL GOVERNMENT RECORDS
AUD-0234,OFFICER-006,DISTRICT_ADMIN,Synthetic District Administration,VERIFY,P1234,,Synthetic harmonized record,Reproducible synthetic audit event.,2026-05-20T12:00:00,SYNTHETIC DEMO DATA — NOT OFFICIAL GOVERNMENT RECORDS
AUD-0235,OFFICER-007,DISTRICT_ADMIN,Synthetic District Administration,UPDATE,P1235,,Synthetic harmonized record,Reproducible synthetic audit event.,2026-05-19T12:00:00,SYNTHETIC DEMO DATA — NOT OFFICIAL GOVERNMENT RECORDS
AUD-0236,OFFICER-008,DISTRICT_ADMIN,Synthetic District Administration,CREATE,P1236,,Synthetic harmonized record,Reproducible synthetic audit event.,2026-05-18T12:00:00,SYNTHETIC DEMO DATA — NOT OFFICIAL GOVERNMENT RECORDS
AUD-0237,OFFICER-009,DISTRICT_ADMIN,Synthetic District Administration,MATCH,P1237,,Synthetic harmonized record,Reproducible synthetic audit event.,2026-05-17T12:00:00,SYNTHETIC DEMO DATA — NOT OFFICIAL GOVERNMENT RECORDS
AUD-0238,OFFICER-010,DISTRICT_ADMIN,Synthetic District Administration,FLAG,P1238,,Synthetic harmonized record,Reproducible synthetic audit event.,2026-05-16T12:00:00,SYNTHETIC DEMO DATA — NOT OFFICIAL GOVERNMENT RECORDS
AUD-0239,OFFICER-011,DISTRICT_ADMIN,Synthetic District Administration,VERIFY,P1239,,Synthetic harmonized record,Reproducible synthetic audit event.,2026-05-15T12:00:00,SYNTHETIC DEMO DATA — NOT OFFICIAL GOVERNMENT RECORDS
AUD-0240,OFFICER-012,DISTRICT_ADMIN,Synthetic District Administration,UPDATE,P1240,,Synthetic harmonized record,Reproducible synthetic audit event.,2026-05-14T12:00:00,SYNTHETIC DEMO DATA — NOT OFFICIAL GOVERNMENT RECORDS
AUD-0241,OFFICER-001,DISTRICT_ADMIN,Synthetic District Administration,CREATE,P1241,,Synthetic harmonized record,Reproducible synthetic audit event.,2026-09-10T12:00:00,SYNTHETIC DEMO DATA — NOT OFFICIAL GOVERNMENT RECORDS
AUD-0242,OFFICER-002,DISTRICT_ADMIN,Synthetic District Administration,MATCH,P1242,,Synthetic harmonized record,Reproducible synthetic audit event.,2026-09-09T12:00:00,SYNTHETIC DEMO DATA — NOT OFFICIAL GOVERNMENT RECORDS
AUD-0243,OFFICER-003,DISTRICT_ADMIN,Synthetic District Administration,FLAG,P1243,,Synthetic harmonized record,Reproducible synthetic audit event.,2026-09-08T12:00:00,SYNTHETIC DEMO DATA — NOT OFFICIAL GOVERNMENT RECORDS
AUD-0244,OFFICER-004,DISTRICT_ADMIN,Synthetic District Administration,VERIFY,P1244,,Synthetic harmonized record,Reproducible synthetic audit event.,2026-09-07T12:00:00,SYNTHETIC DEMO DATA — NOT OFFICIAL GOVERNMENT RECORDS
AUD-0245,OFFICER-005,DISTRICT_ADMIN,Synthetic District Administration,UPDATE,P1245,,Synthetic harmonized record,Reproducible synthetic audit event.,2026-09-06T12:00:00,SYNTHETIC DEMO DATA — NOT OFFICIAL GOVERNMENT RECORDS
AUD-0246,OFFICER-006,DISTRICT_ADMIN,Synthetic District Administration,CREATE,P1246,,Synthetic harmonized record,Reproducible synthetic audit event.,2026-09-05T12:00:00,SYNTHETIC DEMO DATA — NOT OFFICIAL GOVERNMENT RECORDS
AUD-0247,OFFICER-007,DISTRICT_ADMIN,Synthetic District Administration,MATCH,P1247,,Synthetic harmonized record,Reproducible synthetic audit event.,2026-09-04T12:00:00,SYNTHETIC DEMO DATA — NOT OFFICIAL GOVERNMENT RECORDS
AUD-0248,OFFICER-008,DISTRICT_ADMIN,Synthetic District Administration,FLAG,P1248,,Synthetic harmonized record,Reproducible synthetic audit event.,2026-09-03T12:00:00,SYNTHETIC DEMO DATA — NOT OFFICIAL GOVERNMENT RECORDS
AUD-0249,OFFICER-009,DISTRICT_ADMIN,Synthetic District Administration,VERIFY,P1249,,Synthetic harmonized record,Reproducible synthetic audit event.,2026-09-02T12:00:00,SYNTHETIC DEMO DATA — NOT OFFICIAL GOVERNMENT RECORDS
AUD-0250,OFFICER-010,DISTRICT_ADMIN,Synthetic District Administration,UPDATE,P1250,,Synthetic harmonized record,Reproducible synthetic audit event.,2026-09-01T12:00:00,SYNTHETIC DEMO DATA — NOT OFFICIAL GOVERNMENT RECORDS
AUD-0251,OFFICER-011,DISTRICT_ADMIN,Synthetic District Administration,CREATE,P1251,,Synthetic harmonized record,Reproducible synthetic audit event.,2026-08-31T12:00:00,SYNTHETIC DEMO DATA — NOT OFFICIAL GOVERNMENT RECORDS
AUD-0252,OFFICER-012,DISTRICT_ADMIN,Synthetic District Administration,MATCH,P1252,,Synthetic harmonized record,Reproducible synthetic audit event.,2026-08-30T12:00:00,SYNTHETIC DEMO DATA — NOT OFFICIAL GOVERNMENT RECORDS
AUD-0253,OFFICER-001,DISTRICT_ADMIN,Synthetic District Administration,FLAG,P1253,,Synthetic harmonized record,Reproducible synthetic audit event.,2026-08-29T12:00:00,SYNTHETIC DEMO DATA — NOT OFFICIAL GOVERNMENT RECORDS
AUD-0254,OFFICER-002,DISTRICT_ADMIN,Synthetic District Administration,VERIFY,P1254,,Synthetic harmonized record,Reproducible synthetic audit event.,2026-08-28T12:00:00,SYNTHETIC DEMO DATA — NOT OFFICIAL GOVERNMENT RECORDS
AUD-0255,OFFICER-003,DISTRICT_ADMIN,Synthetic District Administration,UPDATE,P1255,,Synthetic harmonized record,Reproducible synthetic audit event.,2026-08-27T12:00:00,SYNTHETIC DEMO DATA — NOT OFFICIAL GOVERNMENT RECORDS
AUD-0256,OFFICER-004,DISTRICT_ADMIN,Synthetic District Administration,CREATE,P1256,,Synthetic harmonized record,Reproducible synthetic audit event.,2026-08-26T12:00:00,SYNTHETIC DEMO DATA — NOT OFFICIAL GOVERNMENT RECORDS
AUD-0257,OFFICER-005,DISTRICT_ADMIN,Synthetic District Administration,MATCH,P1257,,Synthetic harmonized record,Reproducible synthetic audit event.,2026-08-25T12:00:00,SYNTHETIC DEMO DATA — NOT OFFICIAL GOVERNMENT RECORDS
AUD-0258,OFFICER-006,DISTRICT_ADMIN,Synthetic District Administration,FLAG,P1258,,Synthetic harmonized record,Reproducible synthetic audit event.,2026-08-24T12:00:00,SYNTHETIC DEMO DATA — NOT OFFICIAL GOVERNMENT RECORDS
AUD-0259,OFFICER-007,DISTRICT_ADMIN,Synthetic District Administration,VERIFY,P1259,,Synthetic harmonized record,Reproducible synthetic audit event.,2026-08-23T12:00:00,SYNTHETIC DEMO DATA — NOT OFFICIAL GOVERNMENT RECORDS
AUD-0260,OFFICER-008,DISTRICT_ADMIN,Synthetic District Administration,UPDATE,P1260,,Synthetic harmonized record,Reproducible synthetic audit event.,2026-08-22T12:00:00,SYNTHETIC DEMO DATA — NOT OFFICIAL GOVERNMENT RECORDS
AUD-0261,OFFICER-009,DISTRICT_ADMIN,Synthetic District Administration,CREATE,P1261,,Synthetic harmonized record,Reproducible synthetic audit event.,2026-08-21T12:00:00,SYNTHETIC DEMO DATA — NOT OFFICIAL GOVERNMENT RECORDS
AUD-0262,OFFICER-010,DISTRICT_ADMIN,Synthetic District Administration,MATCH,P1262,,Synthetic harmonized record,Reproducible synthetic audit event.,2026-08-20T12:00:00,SYNTHETIC DEMO DATA — NOT OFFICIAL GOVERNMENT RECORDS
AUD-0263,OFFICER-011,DISTRICT_ADMIN,Synthetic District Administration,FLAG,P1263,,Synthetic harmonized record,Reproducible synthetic audit event.,2026-08-19T12:00:00,SYNTHETIC DEMO DATA — NOT OFFICIAL GOVERNMENT RECORDS
AUD-0264,OFFICER-012,DISTRICT_ADMIN,Synthetic District Administration,VERIFY,P1264,,Synthetic harmonized record,Reproducible synthetic audit event.,2026-08-18T12:00:00,SYNTHETIC DEMO DATA — NOT OFFICIAL GOVERNMENT RECORDS
AUD-0265,OFFICER-001,DISTRICT_ADMIN,Synthetic District Administration,UPDATE,P1265,,Synthetic harmonized record,Reproducible synthetic audit event.,2026-08-17T12:00:00,SYNTHETIC DEMO DATA — NOT OFFICIAL GOVERNMENT RECORDS
AUD-0266,OFFICER-002,DISTRICT_ADMIN,Synthetic District Administration,CREATE,P1266,,Synthetic harmonized record,Reproducible synthetic audit event.,2026-08-16T12:00:00,SYNTHETIC DEMO DATA — NOT OFFICIAL GOVERNMENT RECORDS
AUD-0267,OFFICER-003,DISTRICT_ADMIN,Synthetic District Administration,MATCH,P1267,,Synthetic harmonized record,Reproducible synthetic audit event.,2026-08-15T12:00:00,SYNTHETIC DEMO DATA — NOT OFFICIAL GOVERNMENT RECORDS
AUD-0268,OFFICER-004,DISTRICT_ADMIN,Synthetic District Administration,FLAG,P1268,,Synthetic harmonized record,Reproducible synthetic audit event.,2026-08-14T12:00:00,SYNTHETIC DEMO DATA — NOT OFFICIAL GOVERNMENT RECORDS
AUD-0269,OFFICER-005,DISTRICT_ADMIN,Synthetic District Administration,VERIFY,P1269,,Synthetic harmonized record,Reproducible synthetic audit event.,2026-08-13T12:00:00,SYNTHETIC DEMO DATA — NOT OFFICIAL GOVERNMENT RECORDS
AUD-0270,OFFICER-006,DISTRICT_ADMIN,Synthetic District Administration,UPDATE,P1270,,Synthetic harmonized record,Reproducible synthetic audit event.,2026-08-12T12:00:00,SYNTHETIC DEMO DATA — NOT OFFICIAL GOVERNMENT RECORDS
AUD-0271,OFFICER-007,DISTRICT_ADMIN,Synthetic District Administration,CREATE,P1271,,Synthetic harmonized record,Reproducible synthetic audit event.,2026-08-11T12:00:00,SYNTHETIC DEMO DATA — NOT OFFICIAL GOVERNMENT RECORDS
AUD-0272,OFFICER-008,DISTRICT_ADMIN,Synthetic District Administration,MATCH,P1272,,Synthetic harmonized record,Reproducible synthetic audit event.,2026-08-10T12:00:00,SYNTHETIC DEMO DATA — NOT OFFICIAL GOVERNMENT RECORDS
AUD-0273,OFFICER-009,DISTRICT_ADMIN,Synthetic District Administration,FLAG,P1273,,Synthetic harmonized record,Reproducible synthetic audit event.,2026-08-09T12:00:00,SYNTHETIC DEMO DATA — NOT OFFICIAL GOVERNMENT RECORDS
AUD-0274,OFFICER-010,DISTRICT_ADMIN,Synthetic District Administration,VERIFY,P1274,,Synthetic harmonized record,Reproducible synthetic audit event.,2026-08-08T12:00:00,SYNTHETIC DEMO DATA — NOT OFFICIAL GOVERNMENT RECORDS
AUD-0275,OFFICER-011,DISTRICT_ADMIN,Synthetic District Administration,UPDATE,P1275,,Synthetic harmonized record,Reproducible synthetic audit event.,2026-08-07T12:00:00,SYNTHETIC DEMO DATA — NOT OFFICIAL GOVERNMENT RECORDS
AUD-0276,OFFICER-012,DISTRICT_ADMIN,Synthetic District Administration,CREATE,P1276,,Synthetic harmonized record,Reproducible synthetic audit event.,2026-08-06T12:00:00,SYNTHETIC DEMO DATA — NOT OFFICIAL GOVERNMENT RECORDS
AUD-0277,OFFICER-001,DISTRICT_ADMIN,Synthetic District Administration,MATCH,P1277,,Synthetic harmonized record,Reproducible synthetic audit event.,2026-08-05T12:00:00,SYNTHETIC DEMO DATA — NOT OFFICIAL GOVERNMENT RECORDS
AUD-0278,OFFICER-002,DISTRICT_ADMIN,Synthetic District Administration,FLAG,P1278,,Synthetic harmonized record,Reproducible synthetic audit event.,2026-08-04T12:00:00,SYNTHETIC DEMO DATA — NOT OFFICIAL GOVERNMENT RECORDS
AUD-0279,OFFICER-003,DISTRICT_ADMIN,Synthetic District Administration,VERIFY,P1279,,Synthetic harmonized record,Reproducible synthetic audit event.,2026-08-03T12:00:00,SYNTHETIC DEMO DATA — NOT OFFICIAL GOVERNMENT RECORDS
AUD-0280,OFFICER-004,DISTRICT_ADMIN,Synthetic District Administration,UPDATE,P1280,,Synthetic harmonized record,Reproducible synthetic audit event.,2026-08-02T12:00:00,SYNTHETIC DEMO DATA — NOT OFFICIAL GOVERNMENT RECORDS
AUD-0281,OFFICER-005,DISTRICT_ADMIN,Synthetic District Administration,CREATE,P1281,,Synthetic harmonized record,Reproducible synthetic audit event.,2026-08-01T12:00:00,SYNTHETIC DEMO DATA — NOT OFFICIAL GOVERNMENT RECORDS
AUD-0282,OFFICER-006,DISTRICT_ADMIN,Synthetic District Administration,MATCH,P1282,,Synthetic harmonized record,Reproducible synthetic audit event.,2026-07-31T12:00:00,SYNTHETIC DEMO DATA — NOT OFFICIAL GOVERNMENT RECORDS
AUD-0283,OFFICER-007,DISTRICT_ADMIN,Synthetic District Administration,FLAG,P1283,,Synthetic harmonized record,Reproducible synthetic audit event.,2026-07-30T12:00:00,SYNTHETIC DEMO DATA — NOT OFFICIAL GOVERNMENT RECORDS
AUD-0284,OFFICER-008,DISTRICT_ADMIN,Synthetic District Administration,VERIFY,P1284,,Synthetic harmonized record,Reproducible synthetic audit event.,2026-07-29T12:00:00,SYNTHETIC DEMO DATA — NOT OFFICIAL GOVERNMENT RECORDS
AUD-0285,OFFICER-009,DISTRICT_ADMIN,Synthetic District Administration,UPDATE,P1285,,Synthetic harmonized record,Reproducible synthetic audit event.,2026-07-28T12:00:00,SYNTHETIC DEMO DATA — NOT OFFICIAL GOVERNMENT RECORDS
AUD-0286,OFFICER-010,DISTRICT_ADMIN,Synthetic District Administration,CREATE,P1286,,Synthetic harmonized record,Reproducible synthetic audit event.,2026-07-27T12:00:00,SYNTHETIC DEMO DATA — NOT OFFICIAL GOVERNMENT RECORDS
AUD-0287,OFFICER-011,DISTRICT_ADMIN,Synthetic District Administration,MATCH,P1287,,Synthetic harmonized record,Reproducible synthetic audit event.,2026-07-26T12:00:00,SYNTHETIC DEMO DATA — NOT OFFICIAL GOVERNMENT RECORDS
AUD-0288,OFFICER-012,DISTRICT_ADMIN,Synthetic District Administration,FLAG,P1288,,Synthetic harmonized record,Reproducible synthetic audit event.,2026-07-25T12:00:00,SYNTHETIC DEMO DATA — NOT OFFICIAL GOVERNMENT RECORDS
AUD-0289,OFFICER-001,DISTRICT_ADMIN,Synthetic District Administration,VERIFY,P1289,,Synthetic harmonized record,Reproducible synthetic audit event.,2026-07-24T12:00:00,SYNTHETIC DEMO DATA — NOT OFFICIAL GOVERNMENT RECORDS
AUD-0290,OFFICER-002,DISTRICT_ADMIN,Synthetic District Administration,UPDATE,P1290,,Synthetic harmonized record,Reproducible synthetic audit event.,2026-07-23T12:00:00,SYNTHETIC DEMO DATA — NOT OFFICIAL GOVERNMENT RECORDS
AUD-0291,OFFICER-003,DISTRICT_ADMIN,Synthetic District Administration,CREATE,P1291,,Synthetic harmonized record,Reproducible synthetic audit event.,2026-07-22T12:00:00,SYNTHETIC DEMO DATA — NOT OFFICIAL GOVERNMENT RECORDS
AUD-0292,OFFICER-004,DISTRICT_ADMIN,Synthetic District Administration,MATCH,P1292,,Synthetic harmonized record,Reproducible synthetic audit event.,2026-07-21T12:00:00,SYNTHETIC DEMO DATA — NOT OFFICIAL GOVERNMENT RECORDS
AUD-0293,OFFICER-005,DISTRICT_ADMIN,Synthetic District Administration,FLAG,P1293,,Synthetic harmonized record,Reproducible synthetic audit event.,2026-07-20T12:00:00,SYNTHETIC DEMO DATA — NOT OFFICIAL GOVERNMENT RECORDS
AUD-0294,OFFICER-006,DISTRICT_ADMIN,Synthetic District Administration,VERIFY,P1294,,Synthetic harmonized record,Reproducible synthetic audit event.,2026-07-19T12:00:00,SYNTHETIC DEMO DATA — NOT OFFICIAL GOVERNMENT RECORDS
AUD-0295,OFFICER-007,DISTRICT_ADMIN,Synthetic District Administration,UPDATE,P1295,,Synthetic harmonized record,Reproducible synthetic audit event.,2026-07-18T12:00:00,SYNTHETIC DEMO DATA — NOT OFFICIAL GOVERNMENT RECORDS
AUD-0296,OFFICER-008,DISTRICT_ADMIN,Synthetic District Administration,CREATE,P1296,,Synthetic harmonized record,Reproducible synthetic audit event.,2026-07-17T12:00:00,SYNTHETIC DEMO DATA — NOT OFFICIAL GOVERNMENT RECORDS
AUD-0297,OFFICER-009,DISTRICT_ADMIN,Synthetic District Administration,MATCH,P1297,,Synthetic harmonized record,Reproducible synthetic audit event.,2026-07-16T12:00:00,SYNTHETIC DEMO DATA — NOT OFFICIAL GOVERNMENT RECORDS
AUD-0298,OFFICER-010,DISTRICT_ADMIN,Synthetic District Administration,FLAG,P1298,,Synthetic harmonized record,Reproducible synthetic audit event.,2026-07-15T12:00:00,SYNTHETIC DEMO DATA — NOT OFFICIAL GOVERNMENT RECORDS
AUD-0299,OFFICER-011,DISTRICT_ADMIN,Synthetic District Administration,VERIFY,P1299,,Synthetic harmonized record,Reproducible synthetic audit event.,2026-07-14T12:00:00,SYNTHETIC DEMO DATA — NOT OFFICIAL GOVERNMENT RECORDS
AUD-0300,OFFICER-012,DISTRICT_ADMIN,Synthetic District Administration,UPDATE,P1300,,Synthetic harmonized record,Reproducible synthetic audit event.,2026-07-13T12:00:00,SYNTHETIC DEMO DATA — NOT OFFICIAL GOVERNMENT RECORDS
