conflict_id,property_id,parcel_id,conflict_type,severity,description,status,created_at,data_type
CON-1001,P1001,P1001,OWNER_MISMATCH,MEDIUM,Synthetic cross-source inconsistency requiring departmental review; not a legal conclusion.,OPEN,2026-09-10T12:00:00,SYNTHETIC DEMO DATA — NOT OFFICIAL GOVERNMENT RECORDS
CON-1011,P1011,P1011,OWNER_VARIATION,MEDIUM,Synthetic cross-source inconsistency requiring departmental review; not a legal conclusion.,OPEN,2026-08-31T12:00:00,SYNTHETIC DEMO DATA — NOT OFFICIAL GOVERNMENT RECORDS
CON-1021,P1021,P1021,AREA_MISMATCH,MEDIUM,Synthetic cross-source inconsistency requiring departmental review; not a legal conclusion.,OPEN,2026-08-21T12:00:00,SYNTHETIC DEMO DATA — NOT OFFICIAL GOVERNMENT RECORDS
CON-1031,P1031,P1031,LAND_USE_MISMATCH,MEDIUM,Synthetic cross-source inconsistency requiring departmental review; not a legal conclusion.,OPEN,2026-08-11T12:00:00,SYNTHETIC DEMO DATA — NOT OFFICIAL GOVERNMENT RECORDS
CON-1041,P1041,P1041,PARCEL_MISMATCH,MEDIUM,Synthetic cross-source inconsistency requiring departmental review; not a legal conclusion.,OPEN,2026-08-01T12:00:00,SYNTHETIC DEMO DATA — NOT OFFICIAL GOVERNMENT RECORDS
CON-1051,P1051,P1051,GIS_BOUNDARY_VARIANCE,MEDIUM,Synthetic cross-source inconsistency requiring departmental review; not a legal conclusion.,OPEN,2026-07-22T12:00:00,SYNTHETIC DEMO DATA — NOT OFFICIAL GOVERNMENT RECORDS
CON-1061,P1061,P1061,MISSING_SOURCE,MEDIUM,Synthetic cross-source inconsistency requiring departmental review; not a legal conclusion.,OPEN,2026-07-12T12:00:00,SYNTHETIC DEMO DATA — NOT OFFICIAL GOVERNMENT RECORDS
CON-1071,P1071,P1071,DUPLICATE_RECORD,MEDIUM,Synthetic cross-source inconsistency requiring departmental review; not a legal conclusion.,OPEN,2026-07-02T12:00:00,SYNTHETIC DEMO DATA — NOT OFFICIAL GOVERNMENT RECORDS
CON-1081,P1081,P1081,SATELLITE_CHANGE,MEDIUM,Synthetic cross-source inconsistency requiring departmental review; not a legal conclusion.,OPEN,2026-06-22T12:00:00,SYNTHETIC DEMO DATA — NOT OFFICIAL GOVERNMENT RECORDS
CON-1091,P1091,P1091,OWNER_MISMATCH,MEDIUM,Synthetic cross-source inconsistency requiring departmental review; not a legal conclusion.,OPEN,2026-06-12T12:00:00,SYNTHETIC DEMO DATA — NOT OFFICIAL GOVERNMENT RECORDS
CON-1101,P1101,P1101,OWNER_VARIATION,MEDIUM,Synthetic cross-source inconsistency requiring departmental review; not a legal conclusion.,OPEN,2026-06-02T12:00:00,SYNTHETIC DEMO DATA — NOT OFFICIAL GOVERNMENT RECORDS
CON-1111,P1111,P1111,AREA_MISMATCH,MEDIUM,Synthetic cross-source inconsistency requiring departmental review; not a legal conclusion.,OPEN,2026-05-23T12:00:00,SYNTHETIC DEMO DATA — NOT OFFICIAL GOVERNMENT RECORDS
CON-1121,P1121,P1121,LAND_USE_MISMATCH,MEDIUM,Synthetic cross-source inconsistency requiring departmental review; not a legal conclusion.,OPEN,2026-05-13T12:00:00,SYNTHETIC DEMO DATA — NOT OFFICIAL GOVERNMENT RECORDS
CON-1131,P1131,P1131,PARCEL_MISMATCH,MEDIUM,Synthetic cross-source inconsistency requiring departmental review; not a legal conclusion.,OPEN,2026-05-03T12:00:00,SYNTHETIC DEMO DATA — NOT OFFICIAL GOVERNMENT RECORDS
CON-1141,P1141,P1141,GIS_BOUNDARY_VARIANCE,MEDIUM,Synthetic cross-source inconsistency requiring departmental review; not a legal conclusion.,OPEN,2026-04-23T12:00:00,SYNTHETIC DEMO DATA — NOT OFFICIAL GOVERNMENT RECORDS
CON-1151,P1151,P1151,MISSING_SOURCE,MEDIUM,Synthetic cross-source inconsistency requiring departmental review; not a legal conclusion.,OPEN,2026-04-13T12:00:00,SYNTHETIC DEMO DATA — NOT OFFICIAL GOVERNMENT RECORDS
CON-1161,P1161,P1161,DUPLICATE_RECORD,MEDIUM,Synthetic cross-source inconsistency requiring departmental review; not a legal conclusion.,OPEN,2026-04-03T12:00:00,SYNTHETIC DEMO DATA — NOT OFFICIAL GOVERNMENT RECORDS
CON-1171,P1171,P1171,SATELLITE_CHANGE,MEDIUM,Synthetic cross-source inconsistency requiring departmental review; not a legal conclusion.,OPEN,2026-03-24T12:00:00,SYNTHETIC DEMO DATA — NOT OFFICIAL GOVERNMENT RECORDS
CON-1181,P1181,P1181,OWNER_MISMATCH,MEDIUM,Synthetic cross-source inconsistency requiring departmental review; not a legal conclusion.,OPEN,2026-03-14T12:00:00,SYNTHETIC DEMO DATA — NOT OFFICIAL GOVERNMENT RECORDS
CON-1191,P1191,P1191,OWNER_VARIATION,MEDIUM,Synthetic cross-source inconsistency requiring departmental review; not a legal conclusion.,OPEN,2026-03-04T12:00:00,SYNTHETIC DEMO DATA — NOT OFFICIAL GOVERNMENT RECORDS
CON-1201,P1201,P1201,AREA_MISMATCH,MEDIUM,Synthetic cross-source inconsistency requiring departmental review; not a legal conclusion.,OPEN,2026-02-22T12:00:00,SYNTHETIC DEMO DATA — NOT OFFICIAL GOVERNMENT RECORDS
CON-1211,P1211,P1211,LAND_USE_MISMATCH,MEDIUM,Synthetic cross-source inconsistency requiring departmental review; not a legal conclusion.,OPEN,2026-02-12T12:00:00,SYNTHETIC DEMO DATA — NOT OFFICIAL GOVERNMENT RECORDS
CON-1221,P1221,P1221,PARCEL_MISMATCH,MEDIUM,Synthetic cross-source inconsistency requiring departmental review; not a legal conclusion.,OPEN,2026-02-02T12:00:00,SYNTHETIC DEMO DATA — NOT OFFICIAL GOVERNMENT RECORDS
CON-1231,P1231,P1231,GIS_BOUNDARY_VARIANCE,MEDIUM,Synthetic cross-source inconsistency requiring departmental review; not a legal conclusion.,OPEN,2026-01-23T12:00:00,SYNTHETIC DEMO DATA — NOT OFFICIAL GOVERNMENT RECORDS
CON-1241,P1241,P1241,MISSING_SOURCE,MEDIUM,Synthetic cross-source inconsistency requiring departmental review; not a legal conclusion.,OPEN,2026-01-13T12:00:00,SYNTHETIC DEMO DATA — NOT OFFICIAL GOVERNMENT RECORDS
CON-1251,P1251,P1251,DUPLICATE_RECORD,MEDIUM,Synthetic cross-source inconsistency requiring departmental review; not a legal conclusion.,OPEN,2026-01-03T12:00:00,SYNTHETIC DEMO DATA — NOT OFFICIAL GOVERNMENT RECORDS
CON-1261,P1261,P1261,SATELLITE_CHANGE,MEDIUM,Synthetic cross-source inconsistency requiring departmental review; not a legal conclusion.,OPEN,2025-12-24T12:00:00,SYNTHETIC DEMO DATA — NOT OFFICIAL GOVERNMENT RECORDS
CON-1271,P1271,P1271,OWNER_MISMATCH,MEDIUM,Synthetic cross-source inconsistency requiring departmental review; not a legal conclusion.,OPEN,2025-12-14T12:00:00,SYNTHETIC DEMO DATA — NOT OFFICIAL GOVERNMENT RECORDS
CON-1281,P1281,P1281,OWNER_VARIATION,MEDIUM,Synthetic cross-source inconsistency requiring departmental review; not a legal conclusion.,OPEN,2025-12-04T12:00:00,SYNTHETIC DEMO DATA — NOT OFFICIAL GOVERNMENT RECORDS
CON-1291,P1291,P1291,AREA_MISMATCH,MEDIUM,Synthetic cross-source inconsistency requiring departmental review; not a legal conclusion.,OPEN,2025-11-24T12:00:00,SYNTHETIC DEMO DATA — NOT OFFICIAL GOVERNMENT RECORDS
CON-1301,P1301,P1301,LAND_USE_MISMATCH,MEDIUM,Synthetic cross-source inconsistency requiring departmental review; not a legal conclusion.,OPEN,2025-11-14T12:00:00,SYNTHETIC DEMO DATA — NOT OFFICIAL GOVERNMENT RECORDS
CON-1311,P1311,P1311,PARCEL_MISMATCH,MEDIUM,Synthetic cross-source inconsistency requiring departmental review; not a legal conclusion.,OPEN,2025-11-04T12:00:00,SYNTHETIC DEMO DATA — NOT OFFICIAL GOVERNMENT RECORDS
CON-1321,P1321,P1321,GIS_BOUNDARY_VARIANCE,MEDIUM,Synthetic cross-source inconsistency requiring departmental review; not a legal conclusion.,OPEN,2025-10-25T12:00:00,SYNTHETIC DEMO DATA — NOT OFFICIAL GOVERNMENT RECORDS
CON-1331,P1331,P1331,MISSING_SOURCE,MEDIUM,Synthetic cross-source inconsistency requiring departmental review; not a legal conclusion.,OPEN,2025-10-15T12:00:00,SYNTHETIC DEMO DATA — NOT OFFICIAL GOVERNMENT RECORDS
CON-1341,P1341,P1341,DUPLICATE_RECORD,MEDIUM,Synthetic cross-source inconsistency requiring departmental review; not a legal conclusion.,OPEN,2025-10-05T12:00:00,SYNTHETIC DEMO DATA — NOT OFFICIAL GOVERNMENT RECORDS
CON-1351,P1351,P1351,SATELLITE_CHANGE,MEDIUM,Synthetic cross-source inconsistency requiring departmental review; not a legal conclusion.,OPEN,2025-09-25T12:00:00,SYNTHETIC DEMO DATA — NOT OFFICIAL GOVERNMENT RECORDS
CON-1361,P1361,P1361,OWNER_MISMATCH,MEDIUM,Synthetic cross-source inconsistency requiring departmental review; not a legal conclusion.,OPEN,2025-09-15T12:00:00,SYNTHETIC DEMO DATA — NOT OFFICIAL GOVERNMENT RECORDS
CON-1371,P1371,P1371,OWNER_VARIATION,MEDIUM,Synthetic cross-source inconsistency requiring departmental review; not a legal conclusion.,OPEN,2025-09-05T12:00:00,SYNTHETIC DEMO DATA — NOT OFFICIAL GOVERNMENT RECORDS
CON-1381,P1381,P1381,AREA_MISMATCH,MEDIUM,Synthetic cross-source inconsistency requiring departmental review; not a legal conclusion.,OPEN,2025-08-26T12:00:00,SYNTHETIC DEMO DATA — NOT OFFICIAL GOVERNMENT RECORDS
CON-1391,P1391,P1391,LAND_USE_MISMATCH,MEDIUM,Synthetic cross-source inconsistency requiring departmental review; not a legal conclusion.,OPEN,2025-08-16T12:00:00,SYNTHETIC DEMO DATA — NOT OFFICIAL GOVERNMENT RECORDS
CON-1401,P1401,P1401,PARCEL_MISMATCH,MEDIUM,Synthetic cross-source inconsistency requiring departmental review; not a legal conclusion.,OPEN,2025-08-06T12:00:00,SYNTHETIC DEMO DATA — NOT OFFICIAL GOVERNMENT RECORDS
CON-1411,P1411,P1411,GIS_BOUNDARY_VARIANCE,MEDIUM,Synthetic cross-source inconsistency requiring departmental review; not a legal conclusion.,OPEN,2025-07-27T12:00:00,SYNTHETIC DEMO DATA — NOT OFFICIAL GOVERNMENT RECORDS
CON-1421,P1421,P1421,MISSING_SOURCE,MEDIUM,Synthetic cross-source inconsistency requiring departmental review; not a legal conclusion.,OPEN,2025-07-17T12:00:00,SYNTHETIC DEMO DATA — NOT OFFICIAL GOVERNMENT RECORDS
CON-1431,P1431,P1431,DUPLICATE_RECORD,MEDIUM,Synthetic cross-source inconsistency requiring departmental review; not a legal conclusion.,OPEN,2025-07-07T12:00:00,SYNTHETIC DEMO DATA — NOT OFFICIAL GOVERNMENT RECORDS
CON-1441,P1441,P1441,SATELLITE_CHANGE,MEDIUM,Synthetic cross-source inconsistency requiring departmental review; not a legal conclusion.,OPEN,2025-06-27T12:00:00,SYNTHETIC DEMO DATA — NOT OFFICIAL GOVERNMENT RECORDS
CON-1451,P1451,P1451,OWNER_MISMATCH,MEDIUM,Synthetic cross-source inconsistency requiring departmental review; not a legal conclusion.,OPEN,2025-06-17T12:00:00,SYNTHETIC DEMO DATA — NOT OFFICIAL GOVERNMENT RECORDS
CON-1461,P1461,P1461,OWNER_VARIATION,MEDIUM,Synthetic cross-source inconsistency requiring departmental review; not a legal conclusion.,OPEN,2025-06-07T12:00:00,SYNTHETIC DEMO DATA — NOT OFFICIAL GOVERNMENT RECORDS
CON-1471,P1471,P1471,AREA_MISMATCH,MEDIUM,Synthetic cross-source inconsistency requiring departmental review; not a legal conclusion.,OPEN,2025-05-28T12:00:00,SYNTHETIC DEMO DATA — NOT OFFICIAL GOVERNMENT RECORDS
CON-1481,P1481,P1481,LAND_USE_MISMATCH,MEDIUM,Synthetic cross-source inconsistency requiring departmental review; not a legal conclusion.,OPEN,2025-05-18T12:00:00,SYNTHETIC DEMO DATA — NOT OFFICIAL GOVERNMENT RECORDS
CON-1491,P1491,P1491,PARCEL_MISMATCH,MEDIUM,Synthetic cross-source inconsistency requiring departmental review; not a legal conclusion.,OPEN,2025-05-08T12:00:00,SYNTHETIC DEMO DATA — NOT OFFICIAL GOVERNMENT RECORDS
CON-1501,P1501,P1501,GIS_BOUNDARY_VARIANCE,MEDIUM,Synthetic cross-source inconsistency requiring departmental review; not a legal conclusion.,OPEN,2025-04-28T12:00:00,SYNTHETIC DEMO DATA — NOT OFFICIAL GOVERNMENT RECORDS
CON-1511,P1511,P1511,MISSING_SOURCE,MEDIUM,Synthetic cross-source inconsistency requiring departmental review; not a legal conclusion.,OPEN,2025-04-18T12:00:00,SYNTHETIC DEMO DATA — NOT OFFICIAL GOVERNMENT RECORDS
CON-1521,P1521,P1521,DUPLICATE_RECORD,MEDIUM,Synthetic cross-source inconsistency requiring departmental review; not a legal conclusion.,OPEN,2025-04-08T12:00:00,SYNTHETIC DEMO DATA — NOT OFFICIAL GOVERNMENT RECORDS
CON-1531,P1531,P1531,SATELLITE_CHANGE,MEDIUM,Synthetic cross-source inconsistency requiring departmental review; not a legal conclusion.,OPEN,2025-03-29T12:00:00,SYNTHETIC DEMO DATA — NOT OFFICIAL GOVERNMENT RECORDS
CON-1541,P1541,P1541,OWNER_MISMATCH,MEDIUM,Synthetic cross-source inconsistency requiring departmental review; not a legal conclusion.,OPEN,2025-03-19T12:00:00,SYNTHETIC DEMO DATA — NOT OFFICIAL GOVERNMENT RECORDS
CON-1551,P1551,P1551,OWNER_VARIATION,MEDIUM,Synthetic cross-source inconsistency requiring departmental review; not a legal conclusion.,OPEN,2025-03-09T12:00:00,SYNTHETIC DEMO DATA — NOT OFFICIAL GOVERNMENT RECORDS
CON-1561,P1561,P1561,AREA_MISMATCH,MEDIUM,Synthetic cross-source inconsistency requiring departmental review; not a legal conclusion.,OPEN,2025-02-27T12:00:00,SYNTHETIC DEMO DATA — NOT OFFICIAL GOVERNMENT RECORDS
CON-1571,P1571,P1571,LAND_USE_MISMATCH,MEDIUM,Synthetic cross-source inconsistency requiring departmental review; not a legal conclusion.,OPEN,2025-02-17T12:00:00,SYNTHETIC DEMO DATA — NOT OFFICIAL GOVERNMENT RECORDS
CON-1581,P1581,P1581,PARCEL_MISMATCH,MEDIUM,Synthetic cross-source inconsistency requiring departmental review; not a legal conclusion.,OPEN,2025-02-07T12:00:00,SYNTHETIC DEMO DATA — NOT OFFICIAL GOVERNMENT RECORDS
CON-1591,P1591,P1591,GIS_BOUNDARY_VARIANCE,MEDIUM,Synthetic cross-source inconsistency requiring departmental review; not a legal conclusion.,OPEN,2025-01-28T12:00:00,SYNTHETIC DEMO DATA — NOT OFFICIAL GOVERNMENT RECORDS
CON-1601,P1601,P1601,MISSING_SOURCE,MEDIUM,Synthetic cross-source inconsistency requiring departmental review; not a legal conclusion.,OPEN,2025-01-18T12:00:00,SYNTHETIC DEMO DATA — NOT OFFICIAL GOVERNMENT RECORDS
CON-1611,P1611,P1611,DUPLICATE_RECORD,MEDIUM,Synthetic cross-source inconsistency requiring departmental review; not a legal conclusion.,OPEN,2025-01-08T12:00:00,SYNTHETIC DEMO DATA — NOT OFFICIAL GOVERNMENT RECORDS
CON-1621,P1621,P1621,SATELLITE_CHANGE,MEDIUM,Synthetic cross-source inconsistency requiring departmental review; not a legal conclusion.,OPEN,2024-12-29T12:00:00,SYNTHETIC DEMO DATA — NOT OFFICIAL GOVERNMENT RECORDS
CON-1631,P1631,P1631,OWNER_MISMATCH,MEDIUM,Synthetic cross-source inconsistency requiring departmental review; not a legal conclusion.,OPEN,2024-12-19T12:00:00,SYNTHETIC DEMO DATA — NOT OFFICIAL GOVERNMENT RECORDS
CON-1641,P1641,P1641,OWNER_VARIATION,MEDIUM,Synthetic cross-source inconsistency requiring departmental review; not a legal conclusion.,OPEN,2024-12-09T12:00:00,SYNTHETIC DEMO DATA — NOT OFFICIAL GOVERNMENT RECORDS
CON-1651,P1651,P1651,AREA_MISMATCH,MEDIUM,Synthetic cross-source inconsistency requiring departmental review; not a legal conclusion.,OPEN,2024-11-29T12:00:00,SYNTHETIC DEMO DATA — NOT OFFICIAL GOVERNMENT RECORDS
CON-1661,P1661,P1661,LAND_USE_MISMATCH,MEDIUM,Synthetic cross-source inconsistency requiring departmental review; not a legal conclusion.,OPEN,2024-11-19T12:00:00,SYNTHETIC DEMO DATA — NOT OFFICIAL GOVERNMENT RECORDS
CON-1671,P1671,P1671,PARCEL_MISMATCH,MEDIUM,Synthetic cross-source inconsistency requiring departmental review; not a legal conclusion.,OPEN,2024-11-09T12:00:00,SYNTHETIC DEMO DATA — NOT OFFICIAL GOVERNMENT RECORDS
CON-1681,P1681,P1681,GIS_BOUNDARY_VARIANCE,MEDIUM,Synthetic cross-source inconsistency requiring departmental review; not a legal conclusion.,OPEN,2024-10-30T12:00:00,SYNTHETIC DEMO DATA — NOT OFFICIAL GOVERNMENT RECORDS
CON-1691,P1691,P1691,MISSING_SOURCE,MEDIUM,Synthetic cross-source inconsistency requiring departmental review; not a legal conclusion.,OPEN,2024-10-20T12:00:00,SYNTHETIC DEMO DATA — NOT OFFICIAL GOVERNMENT RECORDS
CON-1701,P1701,P1701,DUPLICATE_RECORD,MEDIUM,Synthetic cross-source inconsistency requiring departmental review; not a legal conclusion.,OPEN,2026-09-10T12:00:00,SYNTHETIC DEMO DATA — NOT OFFICIAL GOVERNMENT RECORDS
CON-1711,P1711,P1711,SATELLITE_CHANGE,MEDIUM,Synthetic cross-source inconsistency requiring departmental review; not a legal conclusion.,OPEN,2026-08-31T12:00:00,SYNTHETIC DEMO DATA — NOT OFFICIAL GOVERNMENT RECORDS
CON-1721,P1721,P1721,OWNER_MISMATCH,MEDIUM,Synthetic cross-source inconsistency requiring departmental review; not a legal conclusion.,OPEN,2026-08-21T12:00:00,SYNTHETIC DEMO DATA — NOT OFFICIAL GOVERNMENT RECORDS
CON-1731,P1731,P1731,OWNER_VARIATION,MEDIUM,Synthetic cross-source inconsistency requiring departmental review; not a legal conclusion.,OPEN,2026-08-11T12:00:00,SYNTHETIC DEMO DATA — NOT OFFICIAL GOVERNMENT RECORDS
CON-1741,P1741,P1741,AREA_MISMATCH,MEDIUM,Synthetic cross-source inconsistency requiring departmental review; not a legal conclusion.,OPEN,2026-08-01T12:00:00,SYNTHETIC DEMO DATA — NOT OFFICIAL GOVERNMENT RECORDS
CON-1751,P1751,P1751,LAND_USE_MISMATCH,MEDIUM,Synthetic cross-source inconsistency requiring departmental review; not a legal conclusion.,OPEN,2026-07-22T12:00:00,SYNTHETIC DEMO DATA — NOT OFFICIAL GOVERNMENT RECORDS
CON-1761,P1761,P1761,PARCEL_MISMATCH,MEDIUM,Synthetic cross-source inconsistency requiring departmental review; not a legal conclusion.,OPEN,2026-07-12T12:00:00,SYNTHETIC DEMO DATA — NOT OFFICIAL GOVERNMENT RECORDS
CON-1771,P1771,P1771,GIS_BOUNDARY_VARIANCE,MEDIUM,Synthetic cross-source inconsistency requiring departmental review; not a legal conclusion.,OPEN,2026-07-02T12:00:00,SYNTHETIC DEMO DATA — NOT OFFICIAL GOVERNMENT RECORDS
CON-1781,P1781,P1781,MISSING_SOURCE,MEDIUM,Synthetic cross-source inconsistency requiring departmental review; not a legal conclusion.,OPEN,2026-06-22T12:00:00,SYNTHETIC DEMO DATA — NOT OFFICIAL GOVERNMENT RECORDS
CON-1791,P1791,P1791,DUPLICATE_RECORD,MEDIUM,Synthetic cross-source inconsistency requiring departmental review; not a legal conclusion.,OPEN,2026-06-12T12:00:00,SYNTHETIC DEMO DATA — NOT OFFICIAL GOVERNMENT RECORDS
CON-1801,P1801,P1801,SATELLITE_CHANGE,MEDIUM,Synthetic cross-source inconsistency requiring departmental review; not a legal conclusion.,OPEN,2026-06-02T12:00:00,SYNTHETIC DEMO DATA — NOT OFFICIAL GOVERNMENT RECORDS
CON-1811,P1811,P1811,OWNER_MISMATCH,MEDIUM,Synthetic cross-source inconsistency requiring departmental review; not a legal conclusion.,OPEN,2026-05-23T12:00:00,SYNTHETIC DEMO DATA — NOT OFFICIAL GOVERNMENT RECORDS
CON-1821,P1821,P1821,OWNER_VARIATION,MEDIUM,Synthetic cross-source inconsistency requiring departmental review; not a legal conclusion.,OPEN,2026-05-13T12:00:00,SYNTHETIC DEMO DATA — NOT OFFICIAL GOVERNMENT RECORDS
CON-1831,P1831,P1831,AREA_MISMATCH,MEDIUM,Synthetic cross-source inconsistency requiring departmental review; not a legal conclusion.,OPEN,2026-05-03T12:00:00,SYNTHETIC DEMO DATA — NOT OFFICIAL GOVERNMENT RECORDS
CON-1841,P1841,P1841,LAND_USE_MISMATCH,MEDIUM,Synthetic cross-source inconsistency requiring departmental review; not a legal conclusion.,OPEN,2026-04-23T12:00:00,SYNTHETIC DEMO DATA — NOT OFFICIAL GOVERNMENT RECORDS
CON-1851,P1851,P1851,PARCEL_MISMATCH,MEDIUM,Synthetic cross-source inconsistency requiring departmental review; not a legal conclusion.,OPEN,2026-04-13T12:00:00,SYNTHETIC DEMO DATA — NOT OFFICIAL GOVERNMENT RECORDS
CON-1861,P1861,P1861,GIS_BOUNDARY_VARIANCE,MEDIUM,Synthetic cross-source inconsistency requiring departmental review; not a legal conclusion.,OPEN,2026-04-03T12:00:00,SYNTHETIC DEMO DATA — NOT OFFICIAL GOVERNMENT RECORDS
CON-1871,P1871,P1871,MISSING_SOURCE,MEDIUM,Synthetic cross-source inconsistency requiring departmental review; not a legal conclusion.,OPEN,2026-03-24T12:00:00,SYNTHETIC DEMO DATA — NOT OFFICIAL GOVERNMENT RECORDS
CON-1881,P1881,P1881,DUPLICATE_RECORD,MEDIUM,Synthetic cross-source inconsistency requiring departmental review; not a legal conclusion.,OPEN,2026-03-14T12:00:00,SYNTHETIC DEMO DATA — NOT OFFICIAL GOVERNMENT RECORDS
CON-1891,P1891,P1891,SATELLITE_CHANGE,MEDIUM,Synthetic cross-source inconsistency requiring departmental review; not a legal conclusion.,OPEN,2026-03-04T12:00:00,SYNTHETIC DEMO DATA — NOT OFFICIAL GOVERNMENT RECORDS
CON-1901,P1901,P1901,OWNER_MISMATCH,MEDIUM,Synthetic cross-source inconsistency requiring departmental review; not a legal conclusion.,OPEN,2026-02-22T12:00:00,SYNTHETIC DEMO DATA — NOT OFFICIAL GOVERNMENT RECORDS
CON-1902,P1902,P1902,OWNER_VARIATION,MEDIUM,Synthetic cross-source inconsistency requiring departmental review; not a legal conclusion.,OPEN,2026-02-21T12:00:00,SYNTHETIC DEMO DATA — NOT OFFICIAL GOVERNMENT RECORDS
CON-1903,P1903,P1903,AREA_MISMATCH,MEDIUM,Synthetic cross-source inconsistency requiring departmental review; not a legal conclusion.,OPEN,2026-02-20T12:00:00,SYNTHETIC DEMO DATA — NOT OFFICIAL GOVERNMENT RECORDS
CON-1904,P1904,P1904,LAND_USE_MISMATCH,MEDIUM,Synthetic cross-source inconsistency requiring departmental review; not a legal conclusion.,OPEN,2026-02-19T12:00:00,SYNTHETIC DEMO DATA — NOT OFFICIAL GOVERNMENT RECORDS
CON-1905,P1905,P1905,PARCEL_MISMATCH,MEDIUM,Synthetic cross-source inconsistency requiring departmental review; not a legal conclusion.,OPEN,2026-02-18T12:00:00,SYNTHETIC DEMO DATA — NOT OFFICIAL GOVERNMENT RECORDS
CON-1906,P1906,P1906,GIS_BOUNDARY_VARIANCE,MEDIUM,Synthetic cross-source inconsistency requiring departmental review; not a legal conclusion.,OPEN,2026-02-17T12:00:00,SYNTHETIC DEMO DATA — NOT OFFICIAL GOVERNMENT RECORDS
CON-1907,P1907,P1907,MISSING_SOURCE,MEDIUM,Synthetic cross-source inconsistency requiring departmental review; not a legal conclusion.,OPEN,2026-02-16T12:00:00,SYNTHETIC DEMO DATA — NOT OFFICIAL GOVERNMENT RECORDS
CON-1908,P1908,P1908,DUPLICATE_RECORD,MEDIUM,Synthetic cross-source inconsistency requiring departmental review; not a legal conclusion.,OPEN,2026-02-15T12:00:00,SYNTHETIC DEMO DATA — NOT OFFICIAL GOVERNMENT RECORDS
CON-1909,P1909,P1909,SATELLITE_CHANGE,MEDIUM,Synthetic cross-source inconsistency requiring departmental review; not a legal conclusion.,OPEN,2026-02-14T12:00:00,SYNTHETIC DEMO DATA — NOT OFFICIAL GOVERNMENT RECORDS
CON-1910,P1910,P1910,OWNER_MISMATCH,MEDIUM,Synthetic cross-source inconsistency requiring departmental review; not a legal conclusion.,OPEN,2026-02-13T12:00:00,SYNTHETIC DEMO DATA — NOT OFFICIAL GOVERNMENT RECORDS
CON-1911,P1911,P1911,OWNER_VARIATION,MEDIUM,Synthetic cross-source inconsistency requiring departmental review; not a legal conclusion.,OPEN,2026-02-12T12:00:00,SYNTHETIC DEMO DATA — NOT OFFICIAL GOVERNMENT RECORDS
CON-1912,P1912,P1912,AREA_MISMATCH,MEDIUM,Synthetic cross-source inconsistency requiring departmental review; not a legal conclusion.,OPEN,2026-02-11T12:00:00,SYNTHETIC DEMO DATA — NOT OFFICIAL GOVERNMENT RECORDS
CON-1913,P1913,P1913,LAND_USE_MISMATCH,MEDIUM,Synthetic cross-source inconsistency requiring departmental review; not a legal conclusion.,OPEN,2026-02-10T12:00:00,SYNTHETIC DEMO DATA — NOT OFFICIAL GOVERNMENT RECORDS
CON-1914,P1914,P1914,PARCEL_MISMATCH,MEDIUM,Synthetic cross-source inconsistency requiring departmental review; not a legal conclusion.,OPEN,2026-02-09T12:00:00,SYNTHETIC DEMO DATA — NOT OFFICIAL GOVERNMENT RECORDS
CON-1915,P1915,P1915,GIS_BOUNDARY_VARIANCE,MEDIUM,Synthetic cross-source inconsistency requiring departmental review; not a legal conclusion.,OPEN,2026-02-08T12:00:00,SYNTHETIC DEMO DATA — NOT OFFICIAL GOVERNMENT RECORDS
CON-1916,P1916,P1916,MISSING_SOURCE,MEDIUM,Synthetic cross-source inconsistency requiring departmental review; not a legal conclusion.,OPEN,2026-02-07T12:00:00,SYNTHETIC DEMO DATA — NOT OFFICIAL GOVERNMENT RECORDS
CON-1917,P1917,P1917,DUPLICATE_RECORD,MEDIUM,Synthetic cross-source inconsistency requiring departmental review; not a legal conclusion.,OPEN,2026-02-06T12:00:00,SYNTHETIC DEMO DATA — NOT OFFICIAL GOVERNMENT RECORDS
CON-1918,P1918,P1918,SATELLITE_CHANGE,MEDIUM,Synthetic cross-source inconsistency requiring departmental review; not a legal conclusion.,OPEN,2026-02-05T12:00:00,SYNTHETIC DEMO DATA — NOT OFFICIAL GOVERNMENT RECORDS
CON-1919,P1919,P1919,OWNER_MISMATCH,MEDIUM,Synthetic cross-source inconsistency requiring departmental review; not a legal conclusion.,OPEN,2026-02-04T12:00:00,SYNTHETIC DEMO DATA — NOT OFFICIAL GOVERNMENT RECORDS
CON-1920,P1920,P1920,OWNER_VARIATION,MEDIUM,Synthetic cross-source inconsistency requiring departmental review; not a legal conclusion.,OPEN,2026-02-03T12:00:00,SYNTHETIC DEMO DATA — NOT OFFICIAL GOVERNMENT RECORDS
CON-1921,P1921,P1921,AREA_MISMATCH,MEDIUM,Synthetic cross-source inconsistency requiring departmental review; not a legal conclusion.,OPEN,2026-02-02T12:00:00,SYNTHETIC DEMO DATA — NOT OFFICIAL GOVERNMENT RECORDS
CON-1922,P1922,P1922,LAND_USE_MISMATCH,MEDIUM,Synthetic cross-source inconsistency requiring departmental review; not a legal conclusion.,OPEN,2026-02-01T12:00:00,SYNTHETIC DEMO DATA — NOT OFFICIAL GOVERNMENT RECORDS
CON-1923,P1923,P1923,PARCEL_MISMATCH,MEDIUM,Synthetic cross-source inconsistency requiring departmental review; not a legal conclusion.,OPEN,2026-01-31T12:00:00,SYNTHETIC DEMO DATA — NOT OFFICIAL GOVERNMENT RECORDS
CON-1924,P1924,P1924,GIS_BOUNDARY_VARIANCE,MEDIUM,Synthetic cross-source inconsistency requiring departmental review; not a legal conclusion.,OPEN,2026-01-30T12:00:00,SYNTHETIC DEMO DATA — NOT OFFICIAL GOVERNMENT RECORDS
CON-1925,P1925,P1925,MISSING_SOURCE,MEDIUM,Synthetic cross-source inconsistency requiring departmental review; not a legal conclusion.,OPEN,2026-01-29T12:00:00,SYNTHETIC DEMO DATA — NOT OFFICIAL GOVERNMENT RECORDS
CON-1926,P1926,P1926,DUPLICATE_RECORD,MEDIUM,Synthetic cross-source inconsistency requiring departmental review; not a legal conclusion.,OPEN,2026-01-28T12:00:00,SYNTHETIC DEMO DATA — NOT OFFICIAL GOVERNMENT RECORDS
CON-1927,P1927,P1927,SATELLITE_CHANGE,MEDIUM,Synthetic cross-source inconsistency requiring departmental review; not a legal conclusion.,OPEN,2026-01-27T12:00:00,SYNTHETIC DEMO DATA — NOT OFFICIAL GOVERNMENT RECORDS
CON-1928,P1928,P1928,OWNER_MISMATCH,MEDIUM,Synthetic cross-source inconsistency requiring departmental review; not a legal conclusion.,OPEN,2026-01-26T12:00:00,SYNTHETIC DEMO DATA — NOT OFFICIAL GOVERNMENT RECORDS
CON-1929,P1929,P1929,OWNER_VARIATION,MEDIUM,Synthetic cross-source inconsistency requiring departmental review; not a legal conclusion.,OPEN,2026-01-25T12:00:00,SYNTHETIC DEMO DATA — NOT OFFICIAL GOVERNMENT RECORDS
CON-1930,P1930,P1930,AREA_MISMATCH,MEDIUM,Synthetic cross-source inconsistency requiring departmental review; not a legal conclusion.,OPEN,2026-01-24T12:00:00,SYNTHETIC DEMO DATA — NOT OFFICIAL GOVERNMENT RECORDS
CON-1931,P1931,P1931,LAND_USE_MISMATCH,MEDIUM,Synthetic cross-source inconsistency requiring departmental review; not a legal conclusion.,OPEN,2026-01-23T12:00:00,SYNTHETIC DEMO DATA — NOT OFFICIAL GOVERNMENT RECORDS
CON-1932,P1932,P1932,PARCEL_MISMATCH,MEDIUM,Synthetic cross-source inconsistency requiring departmental review; not a legal conclusion.,OPEN,2026-01-22T12:00:00,SYNTHETIC DEMO DATA — NOT OFFICIAL GOVERNMENT RECORDS
CON-1933,P1933,P1933,GIS_BOUNDARY_VARIANCE,MEDIUM,Synthetic cross-source inconsistency requiring departmental review; not a legal conclusion.,OPEN,2026-01-21T12:00:00,SYNTHETIC DEMO DATA — NOT OFFICIAL GOVERNMENT RECORDS
CON-1934,P1934,P1934,MISSING_SOURCE,MEDIUM,Synthetic cross-source inconsistency requiring departmental review; not a legal conclusion.,OPEN,2026-01-20T12:00:00,SYNTHETIC DEMO DATA — NOT OFFICIAL GOVERNMENT RECORDS
CON-1935,P1935,P1935,DUPLICATE_RECORD,MEDIUM,Synthetic cross-source inconsistency requiring departmental review; not a legal conclusion.,OPEN,2026-01-19T12:00:00,SYNTHETIC DEMO DATA — NOT OFFICIAL GOVERNMENT RECORDS
CON-1936,P1936,P1936,SATELLITE_CHANGE,MEDIUM,Synthetic cross-source inconsistency requiring departmental review; not a legal conclusion.,OPEN,2026-01-18T12:00:00,SYNTHETIC DEMO DATA — NOT OFFICIAL GOVERNMENT RECORDS
CON-1937,P1937,P1937,OWNER_MISMATCH,MEDIUM,Synthetic cross-source inconsistency requiring departmental review; not a legal conclusion.,OPEN,2026-01-17T12:00:00,SYNTHETIC DEMO DATA — NOT OFFICIAL GOVERNMENT RECORDS
CON-1938,P1938,P1938,OWNER_VARIATION,MEDIUM,Synthetic cross-source inconsistency requiring departmental review; not a legal conclusion.,OPEN,2026-01-16T12:00:00,SYNTHETIC DEMO DATA — NOT OFFICIAL GOVERNMENT RECORDS
CON-1939,P1939,P1939,AREA_MISMATCH,MEDIUM,Synthetic cross-source inconsistency requiring departmental review; not a legal conclusion.,OPEN,2026-01-15T12:00:00,SYNTHETIC DEMO DATA — NOT OFFICIAL GOVERNMENT RECORDS
CON-1940,P1940,P1940,LAND_USE_MISMATCH,MEDIUM,Synthetic cross-source inconsistency requiring departmental review; not a legal conclusion.,OPEN,2026-01-14T12:00:00,SYNTHETIC DEMO DATA — NOT OFFICIAL GOVERNMENT RECORDS
CON-1941,P1941,P1941,PARCEL_MISMATCH,MEDIUM,Synthetic cross-source inconsistency requiring departmental review; not a legal conclusion.,OPEN,2026-01-13T12:00:00,SYNTHETIC DEMO DATA — NOT OFFICIAL GOVERNMENT RECORDS
CON-1942,P1942,P1942,GIS_BOUNDARY_VARIANCE,MEDIUM,Synthetic cross-source inconsistency requiring departmental review; not a legal conclusion.,OPEN,2026-01-12T12:00:00,SYNTHETIC DEMO DATA — NOT OFFICIAL GOVERNMENT RECORDS
CON-1943,P1943,P1943,MISSING_SOURCE,MEDIUM,Synthetic cross-source inconsistency requiring departmental review; not a legal conclusion.,OPEN,2026-01-11T12:00:00,SYNTHETIC DEMO DATA — NOT OFFICIAL GOVERNMENT RECORDS
CON-1944,P1944,P1944,DUPLICATE_RECORD,MEDIUM,Synthetic cross-source inconsistency requiring departmental review; not a legal conclusion.,OPEN,2026-01-10T12:00:00,SYNTHETIC DEMO DATA — NOT OFFICIAL GOVERNMENT RECORDS
CON-1945,P1945,P1945,SATELLITE_CHANGE,MEDIUM,Synthetic cross-source inconsistency requiring departmental review; not a legal conclusion.,OPEN,2026-01-09T12:00:00,SYNTHETIC DEMO DATA — NOT OFFICIAL GOVERNMENT RECORDS
CON-1946,P1946,P1946,OWNER_MISMATCH,MEDIUM,Synthetic cross-source inconsistency requiring departmental review; not a legal conclusion.,OPEN,2026-01-08T12:00:00,SYNTHETIC DEMO DATA — NOT OFFICIAL GOVERNMENT RECORDS
CON-1947,P1947,P1947,OWNER_VARIATION,MEDIUM,Synthetic cross-source inconsistency requiring departmental review; not a legal conclusion.,OPEN,2026-01-07T12:00:00,SYNTHETIC DEMO DATA — NOT OFFICIAL GOVERNMENT RECORDS
CON-1948,P1948,P1948,AREA_MISMATCH,MEDIUM,Synthetic cross-source inconsistency requiring departmental review; not a legal conclusion.,OPEN,2026-01-06T12:00:00,SYNTHETIC DEMO DATA — NOT OFFICIAL GOVERNMENT RECORDS
CON-1949,P1949,P1949,LAND_USE_MISMATCH,MEDIUM,Synthetic cross-source inconsistency requiring departmental review; not a legal conclusion.,OPEN,2026-01-05T12:00:00,SYNTHETIC DEMO DATA — NOT OFFICIAL GOVERNMENT RECORDS
CON-1950,P1950,P1950,PARCEL_MISMATCH,MEDIUM,Synthetic cross-source inconsistency requiring departmental review; not a legal conclusion.,OPEN,2026-01-04T12:00:00,SYNTHETIC DEMO DATA — NOT OFFICIAL GOVERNMENT RECORDS
CON-1951,P1951,P1951,GIS_BOUNDARY_VARIANCE,MEDIUM,Synthetic cross-source inconsistency requiring departmental review; not a legal conclusion.,OPEN,2026-01-03T12:00:00,SYNTHETIC DEMO DATA — NOT OFFICIAL GOVERNMENT RECORDS
CON-1952,P1952,P1952,MISSING_SOURCE,MEDIUM,Synthetic cross-source inconsistency requiring departmental review; not a legal conclusion.,OPEN,2026-01-02T12:00:00,SYNTHETIC DEMO DATA — NOT OFFICIAL GOVERNMENT RECORDS
CON-1953,P1953,P1953,DUPLICATE_RECORD,MEDIUM,Synthetic cross-source inconsistency requiring departmental review; not a legal conclusion.,OPEN,2026-01-01T12:00:00,SYNTHETIC DEMO DATA — NOT OFFICIAL GOVERNMENT RECORDS
CON-1954,P1954,P1954,SATELLITE_CHANGE,MEDIUM,Synthetic cross-source inconsistency requiring departmental review; not a legal conclusion.,OPEN,2025-12-31T12:00:00,SYNTHETIC DEMO DATA — NOT OFFICIAL GOVERNMENT RECORDS
CON-1955,P1955,P1955,OWNER_MISMATCH,MEDIUM,Synthetic cross-source inconsistency requiring departmental review; not a legal conclusion.,OPEN,2025-12-30T12:00:00,SYNTHETIC DEMO DATA — NOT OFFICIAL GOVERNMENT RECORDS
CON-1956,P1956,P1956,OWNER_VARIATION,MEDIUM,Synthetic cross-source inconsistency requiring departmental review; not a legal conclusion.,OPEN,2025-12-29T12:00:00,SYNTHETIC DEMO DATA — NOT OFFICIAL GOVERNMENT RECORDS
CON-1957,P1957,P1957,AREA_MISMATCH,MEDIUM,Synthetic cross-source inconsistency requiring departmental review; not a legal conclusion.,OPEN,2025-12-28T12:00:00,SYNTHETIC DEMO DATA — NOT OFFICIAL GOVERNMENT RECORDS
CON-1958,P1958,P1958,LAND_USE_MISMATCH,MEDIUM,Synthetic cross-source inconsistency requiring departmental review; not a legal conclusion.,OPEN,2025-12-27T12:00:00,SYNTHETIC DEMO DATA — NOT OFFICIAL GOVERNMENT RECORDS
CON-1959,P1959,P1959,PARCEL_MISMATCH,MEDIUM,Synthetic cross-source inconsistency requiring departmental review; not a legal conclusion.,OPEN,2025-12-26T12:00:00,SYNTHETIC DEMO DATA — NOT OFFICIAL GOVERNMENT RECORDS
CON-1960,P1960,P1960,GIS_BOUNDARY_VARIANCE,MEDIUM,Synthetic cross-source inconsistency requiring departmental review; not a legal conclusion.,OPEN,2025-12-25T12:00:00,SYNTHETIC DEMO DATA — NOT OFFICIAL GOVERNMENT RECORDS
CON-1961,P1961,P1961,MISSING_SOURCE,MEDIUM,Synthetic cross-source inconsistency requiring departmental review; not a legal conclusion.,OPEN,2025-12-24T12:00:00,SYNTHETIC DEMO DATA — NOT OFFICIAL GOVERNMENT RECORDS
CON-1962,P1962,P1962,DUPLICATE_RECORD,MEDIUM,Synthetic cross-source inconsistency requiring departmental review; not a legal conclusion.,OPEN,2025-12-23T12:00:00,SYNTHETIC DEMO DATA — NOT OFFICIAL GOVERNMENT RECORDS
CON-1963,P1963,P1963,SATELLITE_CHANGE,MEDIUM,Synthetic cross-source inconsistency requiring departmental review; not a legal conclusion.,OPEN,2025-12-22T12:00:00,SYNTHETIC DEMO DATA — NOT OFFICIAL GOVERNMENT RECORDS
CON-1964,P1964,P1964,OWNER_MISMATCH,MEDIUM,Synthetic cross-source inconsistency requiring departmental review; not a legal conclusion.,OPEN,2025-12-21T12:00:00,SYNTHETIC DEMO DATA — NOT OFFICIAL GOVERNMENT RECORDS
CON-1965,P1965,P1965,OWNER_VARIATION,MEDIUM,Synthetic cross-source inconsistency requiring departmental review; not a legal conclusion.,OPEN,2025-12-20T12:00:00,SYNTHETIC DEMO DATA — NOT OFFICIAL GOVERNMENT RECORDS
CON-1966,P1966,P1966,AREA_MISMATCH,MEDIUM,Synthetic cross-source inconsistency requiring departmental review; not a legal conclusion.,OPEN,2025-12-19T12:00:00,SYNTHETIC DEMO DATA — NOT OFFICIAL GOVERNMENT RECORDS
CON-1967,P1967,P1967,LAND_USE_MISMATCH,MEDIUM,Synthetic cross-source inconsistency requiring departmental review; not a legal conclusion.,OPEN,2025-12-18T12:00:00,SYNTHETIC DEMO DATA — NOT OFFICIAL GOVERNMENT RECORDS
CON-1968,P1968,P1968,PARCEL_MISMATCH,MEDIUM,Synthetic cross-source inconsistency requiring departmental review; not a legal conclusion.,OPEN,2025-12-17T12:00:00,SYNTHETIC DEMO DATA — NOT OFFICIAL GOVERNMENT RECORDS
CON-1969,P1969,P1969,GIS_BOUNDARY_VARIANCE,MEDIUM,Synthetic cross-source inconsistency requiring departmental review; not a legal conclusion.,OPEN,2025-12-16T12:00:00,SYNTHETIC DEMO DATA — NOT OFFICIAL GOVERNMENT RECORDS
CON-1970,P1970,P1970,MISSING_SOURCE,MEDIUM,Synthetic cross-source inconsistency requiring departmental review; not a legal conclusion.,OPEN,2025-12-15T12:00:00,SYNTHETIC DEMO DATA — NOT OFFICIAL GOVERNMENT RECORDS
CON-1971,P1971,P1971,DUPLICATE_RECORD,MEDIUM,Synthetic cross-source inconsistency requiring departmental review; not a legal conclusion.,OPEN,2025-12-14T12:00:00,SYNTHETIC DEMO DATA — NOT OFFICIAL GOVERNMENT RECORDS
CON-1972,P1972,P1972,SATELLITE_CHANGE,MEDIUM,Synthetic cross-source inconsistency requiring departmental review; not a legal conclusion.,OPEN,2025-12-13T12:00:00,SYNTHETIC DEMO DATA — NOT OFFICIAL GOVERNMENT RECORDS
CON-1973,P1973,P1973,OWNER_MISMATCH,MEDIUM,Synthetic cross-source inconsistency requiring departmental review; not a legal conclusion.,OPEN,2025-12-12T12:00:00,SYNTHETIC DEMO DATA — NOT OFFICIAL GOVERNMENT RECORDS
CON-1974,P1974,P1974,OWNER_VARIATION,MEDIUM,Synthetic cross-source inconsistency requiring departmental review; not a legal conclusion.,OPEN,2025-12-11T12:00:00,SYNTHETIC DEMO DATA — NOT OFFICIAL GOVERNMENT RECORDS
CON-1975,P1975,P1975,AREA_MISMATCH,MEDIUM,Synthetic cross-source inconsistency requiring departmental review; not a legal conclusion.,OPEN,2025-12-10T12:00:00,SYNTHETIC DEMO DATA — NOT OFFICIAL GOVERNMENT RECORDS
CON-1976,P1976,P1976,LAND_USE_MISMATCH,MEDIUM,Synthetic cross-source inconsistency requiring departmental review; not a legal conclusion.,OPEN,2025-12-09T12:00:00,SYNTHETIC DEMO DATA — NOT OFFICIAL GOVERNMENT RECORDS
CON-1977,P1977,P1977,PARCEL_MISMATCH,MEDIUM,Synthetic cross-source inconsistency requiring departmental review; not a legal conclusion.,OPEN,2025-12-08T12:00:00,SYNTHETIC DEMO DATA — NOT OFFICIAL GOVERNMENT RECORDS
CON-1978,P1978,P1978,GIS_BOUNDARY_VARIANCE,MEDIUM,Synthetic cross-source inconsistency requiring departmental review; not a legal conclusion.,OPEN,2025-12-07T12:00:00,SYNTHETIC DEMO DATA — NOT OFFICIAL GOVERNMENT RECORDS
CON-1979,P1979,P1979,MISSING_SOURCE,MEDIUM,Synthetic cross-source inconsistency requiring departmental review; not a legal conclusion.,OPEN,2025-12-06T12:00:00,SYNTHETIC DEMO DATA — NOT OFFICIAL GOVERNMENT RECORDS
CON-1980,P1980,P1980,DUPLICATE_RECORD,MEDIUM,Synthetic cross-source inconsistency requiring departmental review; not a legal conclusion.,OPEN,2025-12-05T12:00:00,SYNTHETIC DEMO DATA — NOT OFFICIAL GOVERNMENT RECORDS
CON-1981,P1981,P1981,SATELLITE_CHANGE,MEDIUM,Synthetic cross-source inconsistency requiring departmental review; not a legal conclusion.,OPEN,2025-12-04T12:00:00,SYNTHETIC DEMO DATA — NOT OFFICIAL GOVERNMENT RECORDS
CON-1982,P1982,P1982,OWNER_MISMATCH,MEDIUM,Synthetic cross-source inconsistency requiring departmental review; not a legal conclusion.,OPEN,2025-12-03T12:00:00,SYNTHETIC DEMO DATA — NOT OFFICIAL GOVERNMENT RECORDS
CON-1983,P1983,P1983,OWNER_VARIATION,MEDIUM,Synthetic cross-source inconsistency requiring departmental review; not a legal conclusion.,OPEN,2025-12-02T12:00:00,SYNTHETIC DEMO DATA — NOT OFFICIAL GOVERNMENT RECORDS
CON-1984,P1984,P1984,AREA_MISMATCH,MEDIUM,Synthetic cross-source inconsistency requiring departmental review; not a legal conclusion.,OPEN,2025-12-01T12:00:00,SYNTHETIC DEMO DATA — NOT OFFICIAL GOVERNMENT RECORDS
CON-1985,P1985,P1985,LAND_USE_MISMATCH,MEDIUM,Synthetic cross-source inconsistency requiring departmental review; not a legal conclusion.,OPEN,2025-11-30T12:00:00,SYNTHETIC DEMO DATA — NOT OFFICIAL GOVERNMENT RECORDS
CON-1986,P1986,P1986,PARCEL_MISMATCH,MEDIUM,Synthetic cross-source inconsistency requiring departmental review; not a legal conclusion.,OPEN,2025-11-29T12:00:00,SYNTHETIC DEMO DATA — NOT OFFICIAL GOVERNMENT RECORDS
CON-1987,P1987,P1987,GIS_BOUNDARY_VARIANCE,MEDIUM,Synthetic cross-source inconsistency requiring departmental review; not a legal conclusion.,OPEN,2025-11-28T12:00:00,SYNTHETIC DEMO DATA — NOT OFFICIAL GOVERNMENT RECORDS
CON-1988,P1988,P1988,MISSING_SOURCE,MEDIUM,Synthetic cross-source inconsistency requiring departmental review; not a legal conclusion.,OPEN,2025-11-27T12:00:00,SYNTHETIC DEMO DATA — NOT OFFICIAL GOVERNMENT RECORDS
CON-1989,P1989,P1989,DUPLICATE_RECORD,MEDIUM,Synthetic cross-source inconsistency requiring departmental review; not a legal conclusion.,OPEN,2025-11-26T12:00:00,SYNTHETIC DEMO DATA — NOT OFFICIAL GOVERNMENT RECORDS
CON-1990,P1990,P1990,SATELLITE_CHANGE,MEDIUM,Synthetic cross-source inconsistency requiring departmental review; not a legal conclusion.,OPEN,2025-11-25T12:00:00,SYNTHETIC DEMO DATA — NOT OFFICIAL GOVERNMENT RECORDS
CON-1991,P1991,P1991,OWNER_MISMATCH,HIGH,Synthetic cross-source inconsistency requiring departmental review; not a legal conclusion.,OPEN,2025-11-24T12:00:00,SYNTHETIC DEMO DATA — NOT OFFICIAL GOVERNMENT RECORDS
CON-1992,P1992,P1992,OWNER_VARIATION,HIGH,Synthetic cross-source inconsistency requiring departmental review; not a legal conclusion.,OPEN,2025-11-23T12:00:00,SYNTHETIC DEMO DATA — NOT OFFICIAL GOVERNMENT RECORDS
CON-1993,P1993,P1993,AREA_MISMATCH,HIGH,Synthetic cross-source inconsistency requiring departmental review; not a legal conclusion.,OPEN,2025-11-22T12:00:00,SYNTHETIC DEMO DATA — NOT OFFICIAL GOVERNMENT RECORDS
CON-1994,P1994,P1994,LAND_USE_MISMATCH,HIGH,Synthetic cross-source inconsistency requiring departmental review; not a legal conclusion.,OPEN,2025-11-21T12:00:00,SYNTHETIC DEMO DATA — NOT OFFICIAL GOVERNMENT RECORDS
CON-1995,P1995,P1995,PARCEL_MISMATCH,HIGH,Synthetic cross-source inconsistency requiring departmental review; not a legal conclusion.,OPEN,2025-11-20T12:00:00,SYNTHETIC DEMO DATA — NOT OFFICIAL GOVERNMENT RECORDS
CON-1996,P1996,P1996,GIS_BOUNDARY_VARIANCE,HIGH,Synthetic cross-source inconsistency requiring departmental review; not a legal conclusion.,OPEN,2025-11-19T12:00:00,SYNTHETIC DEMO DATA — NOT OFFICIAL GOVERNMENT RECORDS
CON-1997,P1997,P1997,MISSING_SOURCE,HIGH,Synthetic cross-source inconsistency requiring departmental review; not a legal conclusion.,OPEN,2025-11-18T12:00:00,SYNTHETIC DEMO DATA — NOT OFFICIAL GOVERNMENT RECORDS
CON-1998,P1998,P1998,DUPLICATE_RECORD,HIGH,Synthetic cross-source inconsistency requiring departmental review; not a legal conclusion.,OPEN,2025-11-17T12:00:00,SYNTHETIC DEMO DATA — NOT OFFICIAL GOVERNMENT RECORDS
CON-1999,P1999,P1999,SATELLITE_CHANGE,HIGH,Synthetic cross-source inconsistency requiring departmental review; not a legal conclusion.,OPEN,2025-11-16T12:00:00,SYNTHETIC DEMO DATA — NOT OFFICIAL GOVERNMENT RECORDS
CON-2000,P2000,P2000,OWNER_MISMATCH,HIGH,Synthetic cross-source inconsistency requiring departmental review; not a legal conclusion.,OPEN,2025-11-15T12:00:00,SYNTHETIC DEMO DATA — NOT OFFICIAL GOVERNMENT RECORDS
