person_id,full_name,phone,email,address,village,ward,tehsil,district,state,pincode,data_type
PERSON-001,Rahul Sharma,9000000001,person001@example.test,"Synthetic Block 2, Vidisha Urban",Sanchi Road,2,Vidisha,Vidisha,Madhya Pradesh,464001,SYNTHETIC DEMO DATA — NOT OFFICIAL GOVERNMENT RECORDS
PERSON-002,Amit Verma,9000000002,person002@example.test,"Synthetic Block 3, Vidisha Urban",Betwa Nagar,3,Vidisha,Vidisha,Madhya Pradesh,464002,SYNTHETIC DEMO DATA — NOT OFFICIAL GOVERNMENT RECORDS
PERSON-003,Neha Patel,9000000003,person003@example.test,"Synthetic Block 4, Vidisha Urban",Ganj Basoda Road,4,Vidisha,Vidisha,Madhya Pradesh,464003,SYNTHETIC DEMO DATA — NOT OFFICIAL GOVERNMENT RECORDS
PERSON-004,Priya Singh,9000000004,person004@example.test,"Synthetic Block 5, Vidisha Urban",Civil Lines Extension,5,Vidisha,Vidisha,Madhya Pradesh,464004,SYNTHETIC DEMO DATA — NOT OFFICIAL GOVERNMENT RECORDS
PERSON-005,Suresh Yadav,9000000005,person005@example.test,"Synthetic Block 6, Vidisha Urban",Kachhi Khedi,6,Vidisha,Vidisha,Madhya Pradesh,464005,SYNTHETIC DEMO DATA — NOT OFFICIAL GOVERNMENT RECORDS
PERSON-006,Anjali Jain,9000000006,person006@example.test,"Synthetic Block 7, Vidisha Urban",Madhav Nagar,7,Vidisha,Vidisha,Madhya Pradesh,464006,SYNTHETIC DEMO DATA — NOT OFFICIAL GOVERNMENT RECORDS
PERSON-007,Vikram Mehta,9000000007,person007@example.test,"Synthetic Block 8, Vidisha Urban",Raisen Link,8,Vidisha,Vidisha,Madhya Pradesh,464007,SYNTHETIC DEMO DATA — NOT OFFICIAL GOVERNMENT RECORDS
PERSON-008,Kavita Joshi,9000000008,person008@example.test,"Synthetic Block 9, Vidisha Urban",Vidisha Urban,9,Vidisha,Vidisha,Madhya Pradesh,464008,SYNTHETIC DEMO DATA — NOT OFFICIAL GOVERNMENT RECORDS
PERSON-009,Manoj Gupta,9000000009,person009@example.test,"Synthetic Block 10, Vidisha Urban",Sanchi Road,10,Vidisha,Vidisha,Madhya Pradesh,464009,SYNTHETIC DEMO DATA — NOT OFFICIAL GOVERNMENT RECORDS
PERSON-010,Ritu Mishra,9000000010,person010@example.test,"Synthetic Block 11, Vidisha Urban",Betwa Nagar,11,Vidisha,Vidisha,Madhya Pradesh,464010,SYNTHETIC DEMO DATA — NOT OFFICIAL GOVERNMENT RECORDS
PERSON-011,Arjun Malviya,9000000011,person011@example.test,"Synthetic Block 12, Vidisha Urban",Ganj Basoda Road,12,Vidisha,Vidisha,Madhya Pradesh,464011,SYNTHETIC DEMO DATA — NOT OFFICIAL GOVERNMENT RECORDS
PERSON-012,Pooja Thakur,9000000012,person012@example.test,"Synthetic Block 13, Vidisha Urban",Civil Lines Extension,1,Vidisha,Vidisha,Madhya Pradesh,464012,SYNTHETIC DEMO DATA — NOT OFFICIAL GOVERNMENT RECORDS
PERSON-013,Nitin Saxena,9000000013,person013@example.test,"Synthetic Block 14, Vidisha Urban",Kachhi Khedi,2,Vidisha,Vidisha,Madhya Pradesh,464013,SYNTHETIC DEMO DATA — NOT OFFICIAL GOVERNMENT RECORDS
PERSON-014,Meera Chouhan,9000000014,person014@example.test,"Synthetic Block 15, Vidisha Urban",Madhav Nagar,3,Vidisha,Vidisha,Madhya Pradesh,464014,SYNTHETIC DEMO DATA — NOT OFFICIAL GOVERNMENT RECORDS
PERSON-015,Deepak Tiwari,9000000015,person015@example.test,"Synthetic Block 16, Vidisha Urban",Raisen Link,4,Vidisha,Vidisha,Madhya Pradesh,464015,SYNTHETIC DEMO DATA — NOT OFFICIAL GOVERNMENT RECORDS
PERSON-016,Sunita Rathore,9000000016,person016@example.test,"Synthetic Block 17, Vidisha Urban",Vidisha Urban,5,Vidisha,Vidisha,Madhya Pradesh,464016,SYNTHETIC DEMO DATA — NOT OFFICIAL GOVERNMENT RECORDS
PERSON-017,Karan Dubey,9000000017,person017@example.test,"Synthetic Block 18, Vidisha Urban",Sanchi Road,6,Vidisha,Vidisha,Madhya Pradesh,464017,SYNTHETIC DEMO DATA — NOT OFFICIAL GOVERNMENT RECORDS
PERSON-018,Isha Kulkarni,9000000018,person018@example.test,"Synthetic Block 19, Vidisha Urban",Betwa Nagar,7,Vidisha,Vidisha,Madhya Pradesh,464018,SYNTHETIC DEMO DATA — NOT OFFICIAL GOVERNMENT RECORDS
PERSON-019,Mohan Solanki,9000000019,person019@example.test,"Synthetic Block 20, Vidisha Urban",Ganj Basoda Road,8,Vidisha,Vidisha,Madhya Pradesh,464019,SYNTHETIC DEMO DATA — NOT OFFICIAL GOVERNMENT RECORDS
PERSON-020,Rekha Bansal,9000000020,person020@example.test,"Synthetic Block 1, Vidisha Urban",Civil Lines Extension,9,Vidisha,Vidisha,Madhya Pradesh,464020,SYNTHETIC DEMO DATA — NOT OFFICIAL GOVERNMENT RECORDS
PERSON-021,Rahul Sharma 2,9000000021,person021@example.test,"Synthetic Block 2, Vidisha Urban",Kachhi Khedi,10,Vidisha,Vidisha,Madhya Pradesh,464021,SYNTHETIC DEMO DATA — NOT OFFICIAL GOVERNMENT RECORDS
PERSON-022,Amit Verma 2,9000000022,person022@example.test,"Synthetic Block 3, Vidisha Urban",Madhav Nagar,11,Vidisha,Vidisha,Madhya Pradesh,464022,SYNTHETIC DEMO DATA — NOT OFFICIAL GOVERNMENT RECORDS
PERSON-023,Neha Patel 2,9000000023,person023@example.test,"Synthetic Block 4, Vidisha Urban",Raisen Link,12,Vidisha,Vidisha,Madhya Pradesh,464023,SYNTHETIC DEMO DATA — NOT OFFICIAL GOVERNMENT RECORDS
PERSON-024,Priya Singh 2,9000000024,person024@example.test,"Synthetic Block 5, Vidisha Urban",Vidisha Urban,1,Vidisha,Vidisha,Madhya Pradesh,464024,SYNTHETIC DEMO DATA — NOT OFFICIAL GOVERNMENT RECORDS
PERSON-025,Suresh Yadav 2,9000000025,person025@example.test,"Synthetic Block 6, Vidisha Urban",Sanchi Road,2,Vidisha,Vidisha,Madhya Pradesh,464025,SYNTHETIC DEMO DATA — NOT OFFICIAL GOVERNMENT RECORDS
PERSON-026,Anjali Jain 2,9000000026,person026@example.test,"Synthetic Block 7, Vidisha Urban",Betwa Nagar,3,Vidisha,Vidisha,Madhya Pradesh,464026,SYNTHETIC DEMO DATA — NOT OFFICIAL GOVERNMENT RECORDS
PERSON-027,Vikram Mehta 2,9000000027,person027@example.test,"Synthetic Block 8, Vidisha Urban",Ganj Basoda Road,4,Vidisha,Vidisha,Madhya Pradesh,464027,SYNTHETIC DEMO DATA — NOT OFFICIAL GOVERNMENT RECORDS
PERSON-028,Kavita Joshi 2,9000000028,person028@example.test,"Synthetic Block 9, Vidisha Urban",Civil Lines Extension,5,Vidisha,Vidisha,Madhya Pradesh,464028,SYNTHETIC DEMO DATA — NOT OFFICIAL GOVERNMENT RECORDS
PERSON-029,Manoj Gupta 2,9000000029,person029@example.test,"Synthetic Block 10, Vidisha Urban",Kachhi Khedi,6,Vidisha,Vidisha,Madhya Pradesh,464029,SYNTHETIC DEMO DATA — NOT OFFICIAL GOVERNMENT RECORDS
PERSON-030,Ritu Mishra 2,9000000030,person030@example.test,"Synthetic Block 11, Vidisha Urban",Madhav Nagar,7,Vidisha,Vidisha,Madhya Pradesh,464030,SYNTHETIC DEMO DATA — NOT OFFICIAL GOVERNMENT RECORDS
PERSON-031,Arjun Malviya 2,9000000031,person031@example.test,"Synthetic Block 12, Vidisha Urban",Raisen Link,8,Vidisha,Vidisha,Madhya Pradesh,464031,SYNTHETIC DEMO DATA — NOT OFFICIAL GOVERNMENT RECORDS
PERSON-032,Pooja Thakur 2,9000000032,person032@example.test,"Synthetic Block 13, Vidisha Urban",Vidisha Urban,9,Vidisha,Vidisha,Madhya Pradesh,464032,SYNTHETIC DEMO DATA — NOT OFFICIAL GOVERNMENT RECORDS
PERSON-033,Nitin Saxena 2,9000000033,person033@example.test,"Synthetic Block 14, Vidisha Urban",Sanchi Road,10,Vidisha,Vidisha,Madhya Pradesh,464033,SYNTHETIC DEMO DATA — NOT OFFICIAL GOVERNMENT RECORDS
PERSON-034,Meera Chouhan 2,9000000034,person034@example.test,"Synthetic Block 15, Vidisha Urban",Betwa Nagar,11,Vidisha,Vidisha,Madhya Pradesh,464034,SYNTHETIC DEMO DATA — NOT OFFICIAL GOVERNMENT RECORDS
PERSON-035,Deepak Tiwari 2,9000000035,person035@example.test,"Synthetic Block 16, Vidisha Urban",Ganj Basoda Road,12,Vidisha,Vidisha,Madhya Pradesh,464035,SYNTHETIC DEMO DATA — NOT OFFICIAL GOVERNMENT RECORDS
PERSON-036,Sunita Rathore 2,9000000036,person036@example.test,"Synthetic Block 17, Vidisha Urban",Civil Lines Extension,1,Vidisha,Vidisha,Madhya Pradesh,464036,SYNTHETIC DEMO DATA — NOT OFFICIAL GOVERNMENT RECORDS
PERSON-037,Karan Dubey 2,9000000037,person037@example.test,"Synthetic Block 18, Vidisha Urban",Kachhi Khedi,2,Vidisha,Vidisha,Madhya Pradesh,464037,SYNTHETIC DEMO DATA — NOT OFFICIAL GOVERNMENT RECORDS
PERSON-038,Isha Kulkarni 2,9000000038,person038@example.test,"Synthetic Block 19, Vidisha Urban",Madhav Nagar,3,Vidisha,Vidisha,Madhya Pradesh,464038,SYNTHETIC DEMO DATA — NOT OFFICIAL GOVERNMENT RECORDS
PERSON-039,Mohan Solanki 2,9000000039,person039@example.test,"Synthetic Block 20, Vidisha Urban",Raisen Link,4,Vidisha,Vidisha,Madhya Pradesh,464039,SYNTHETIC DEMO DATA — NOT OFFICIAL GOVERNMENT RECORDS
PERSON-040,Rekha Bansal 2,9000000040,person040@example.test,"Synthetic Block 1, Vidisha Urban",Vidisha Urban,5,Vidisha,Vidisha,Madhya Pradesh,464040,SYNTHETIC DEMO DATA — NOT OFFICIAL GOVERNMENT RECORDS
PERSON-041,Rahul Sharma 3,9000000041,person041@example.test,"Synthetic Block 2, Vidisha Urban",Sanchi Road,6,Vidisha,Vidisha,Madhya Pradesh,464041,SYNTHETIC DEMO DATA — NOT OFFICIAL GOVERNMENT RECORDS
PERSON-042,Amit Verma 3,9000000042,person042@example.test,"Synthetic Block 3, Vidisha Urban",Betwa Nagar,7,Vidisha,Vidisha,Madhya Pradesh,464042,SYNTHETIC DEMO DATA — NOT OFFICIAL GOVERNMENT RECORDS
PERSON-043,Neha Patel 3,9000000043,person043@example.test,"Synthetic Block 4, Vidisha Urban",Ganj Basoda Road,8,Vidisha,Vidisha,Madhya Pradesh,464043,SYNTHETIC DEMO DATA — NOT OFFICIAL GOVERNMENT RECORDS
PERSON-044,Priya Singh 3,9000000044,person044@example.test,"Synthetic Block 5, Vidisha Urban",Civil Lines Extension,9,Vidisha,Vidisha,Madhya Pradesh,464044,SYNTHETIC DEMO DATA — NOT OFFICIAL GOVERNMENT RECORDS
PERSON-045,Suresh Yadav 3,9000000045,person045@example.test,"Synthetic Block 6, Vidisha Urban",Kachhi Khedi,10,Vidisha,Vidisha,Madhya Pradesh,464045,SYNTHETIC DEMO DATA — NOT OFFICIAL GOVERNMENT RECORDS
PERSON-046,Anjali Jain 3,9000000046,person046@example.test,"Synthetic Block 7, Vidisha Urban",Madhav Nagar,11,Vidisha,Vidisha,Madhya Pradesh,464046,SYNTHETIC DEMO DATA — NOT OFFICIAL GOVERNMENT RECORDS
PERSON-047,Vikram Mehta 3,9000000047,person047@example.test,"Synthetic Block 8, Vidisha Urban",Raisen Link,12,Vidisha,Vidisha,Madhya Pradesh,464047,SYNTHETIC DEMO DATA — NOT OFFICIAL GOVERNMENT RECORDS
PERSON-048,Kavita Joshi 3,9000000048,person048@example.test,"Synthetic Block 9, Vidisha Urban",Vidisha Urban,1,Vidisha,Vidisha,Madhya Pradesh,464048,SYNTHETIC DEMO DATA — NOT OFFICIAL GOVERNMENT RECORDS
PERSON-049,Manoj Gupta 3,9000000049,person049@example.test,"Synthetic Block 10, Vidisha Urban",Sanchi Road,2,Vidisha,Vidisha,Madhya Pradesh,464049,SYNTHETIC DEMO DATA — NOT OFFICIAL GOVERNMENT RECORDS
PERSON-050,Ritu Mishra 3,9000000050,person050@example.test,"Synthetic Block 11, Vidisha Urban",Betwa Nagar,3,Vidisha,Vidisha,Madhya Pradesh,464050,SYNTHETIC DEMO DATA — NOT OFFICIAL GOVERNMENT RECORDS
PERSON-051,Arjun Malviya 3,9000000051,person051@example.test,"Synthetic Block 12, Vidisha Urban",Ganj Basoda Road,4,Vidisha,Vidisha,Madhya Pradesh,464051,SYNTHETIC DEMO DATA — NOT OFFICIAL GOVERNMENT RECORDS
PERSON-052,Pooja Thakur 3,9000000052,person052@example.test,"Synthetic Block 13, Vidisha Urban",Civil Lines Extension,5,Vidisha,Vidisha,Madhya Pradesh,464052,SYNTHETIC DEMO DATA — NOT OFFICIAL GOVERNMENT RECORDS
PERSON-053,Nitin Saxena 3,9000000053,person053@example.test,"Synthetic Block 14, Vidisha Urban",Kachhi Khedi,6,Vidisha,Vidisha,Madhya Pradesh,464053,SYNTHETIC DEMO DATA — NOT OFFICIAL GOVERNMENT RECORDS
PERSON-054,Meera Chouhan 3,9000000054,person054@example.test,"Synthetic Block 15, Vidisha Urban",Madhav Nagar,7,Vidisha,Vidisha,Madhya Pradesh,464054,SYNTHETIC DEMO DATA — NOT OFFICIAL GOVERNMENT RECORDS
PERSON-055,Deepak Tiwari 3,9000000055,person055@example.test,"Synthetic Block 16, Vidisha Urban",Raisen Link,8,Vidisha,Vidisha,Madhya Pradesh,464055,SYNTHETIC DEMO DATA — NOT OFFICIAL GOVERNMENT RECORDS
PERSON-056,Sunita Rathore 3,9000000056,person056@example.test,"Synthetic Block 17, Vidisha Urban",Vidisha Urban,9,Vidisha,Vidisha,Madhya Pradesh,464056,SYNTHETIC DEMO DATA — NOT OFFICIAL GOVERNMENT RECORDS
PERSON-057,Karan Dubey 3,9000000057,person057@example.test,"Synthetic Block 18, Vidisha Urban",Sanchi Road,10,Vidisha,Vidisha,Madhya Pradesh,464057,SYNTHETIC DEMO DATA — NOT OFFICIAL GOVERNMENT RECORDS
PERSON-058,Isha Kulkarni 3,9000000058,person058@example.test,"Synthetic Block 19, Vidisha Urban",Betwa Nagar,11,Vidisha,Vidisha,Madhya Pradesh,464058,SYNTHETIC DEMO DATA — NOT OFFICIAL GOVERNMENT RECORDS
PERSON-059,Mohan Solanki 3,9000000059,person059@example.test,"Synthetic Block 20, Vidisha Urban",Ganj Basoda Road,12,Vidisha,Vidisha,Madhya Pradesh,464059,SYNTHETIC DEMO DATA — NOT OFFICIAL GOVERNMENT RECORDS
PERSON-060,Rekha Bansal 3,9000000060,person060@example.test,"Synthetic Block 1, Vidisha Urban",Civil Lines Extension,1,Vidisha,Vidisha,Madhya Pradesh,464060,SYNTHETIC DEMO DATA — NOT OFFICIAL GOVERNMENT RECORDS
PERSON-061,Rahul Sharma 4,9000000061,person061@example.test,"Synthetic Block 2, Vidisha Urban",Kachhi Khedi,2,Vidisha,Vidisha,Madhya Pradesh,464061,SYNTHETIC DEMO DATA — NOT OFFICIAL GOVERNMENT RECORDS
PERSON-062,Amit Verma 4,9000000062,person062@example.test,"Synthetic Block 3, Vidisha Urban",Madhav Nagar,3,Vidisha,Vidisha,Madhya Pradesh,464062,SYNTHETIC DEMO DATA — NOT OFFICIAL GOVERNMENT RECORDS
PERSON-063,Neha Patel 4,9000000063,person063@example.test,"Synthetic Block 4, Vidisha Urban",Raisen Link,4,Vidisha,Vidisha,Madhya Pradesh,464063,SYNTHETIC DEMO DATA — NOT OFFICIAL GOVERNMENT RECORDS
PERSON-064,Priya Singh 4,9000000064,person064@example.test,"Synthetic Block 5, Vidisha Urban",Vidisha Urban,5,Vidisha,Vidisha,Madhya Pradesh,464064,SYNTHETIC DEMO DATA — NOT OFFICIAL GOVERNMENT RECORDS
PERSON-065,Suresh Yadav 4,9000000065,person065@example.test,"Synthetic Block 6, Vidisha Urban",Sanchi Road,6,Vidisha,Vidisha,Madhya Pradesh,464065,SYNTHETIC DEMO DATA — NOT OFFICIAL GOVERNMENT RECORDS
PERSON-066,Anjali Jain 4,9000000066,person066@example.test,"Synthetic Block 7, Vidisha Urban",Betwa Nagar,7,Vidisha,Vidisha,Madhya Pradesh,464066,SYNTHETIC DEMO DATA — NOT OFFICIAL GOVERNMENT RECORDS
PERSON-067,Vikram Mehta 4,9000000067,person067@example.test,"Synthetic Block 8, Vidisha Urban",Ganj Basoda Road,8,Vidisha,Vidisha,Madhya Pradesh,464067,SYNTHETIC DEMO DATA — NOT OFFICIAL GOVERNMENT RECORDS
PERSON-068,Kavita Joshi 4,9000000068,person068@example.test,"Synthetic Block 9, Vidisha Urban",Civil Lines Extension,9,Vidisha,Vidisha,Madhya Pradesh,464068,SYNTHETIC DEMO DATA — NOT OFFICIAL GOVERNMENT RECORDS
PERSON-069,Manoj Gupta 4,9000000069,person069@example.test,"Synthetic Block 10, Vidisha Urban",Kachhi Khedi,10,Vidisha,Vidisha,Madhya Pradesh,464069,SYNTHETIC DEMO DATA — NOT OFFICIAL GOVERNMENT RECORDS
PERSON-070,Ritu Mishra 4,9000000070,person070@example.test,"Synthetic Block 11, Vidisha Urban",Madhav Nagar,11,Vidisha,Vidisha,Madhya Pradesh,464070,SYNTHETIC DEMO DATA — NOT OFFICIAL GOVERNMENT RECORDS
PERSON-071,Arjun Malviya 4,9000000071,person071@example.test,"Synthetic Block 12, Vidisha Urban",Raisen Link,12,Vidisha,Vidisha,Madhya Pradesh,464071,SYNTHETIC DEMO DATA — NOT OFFICIAL GOVERNMENT RECORDS
PERSON-072,Pooja Thakur 4,9000000072,person072@example.test,"Synthetic Block 13, Vidisha Urban",Vidisha Urban,1,Vidisha,Vidisha,Madhya Pradesh,464072,SYNTHETIC DEMO DATA — NOT OFFICIAL GOVERNMENT RECORDS
PERSON-073,Nitin Saxena 4,9000000073,person073@example.test,"Synthetic Block 14, Vidisha Urban",Sanchi Road,2,Vidisha,Vidisha,Madhya Pradesh,464073,SYNTHETIC DEMO DATA — NOT OFFICIAL GOVERNMENT RECORDS
PERSON-074,Meera Chouhan 4,9000000074,person074@example.test,"Synthetic Block 15, Vidisha Urban",Betwa Nagar,3,Vidisha,Vidisha,Madhya Pradesh,464074,SYNTHETIC DEMO DATA — NOT OFFICIAL GOVERNMENT RECORDS
PERSON-075,Deepak Tiwari 4,9000000075,person075@example.test,"Synthetic Block 16, Vidisha Urban",Ganj Basoda Road,4,Vidisha,Vidisha,Madhya Pradesh,464075,SYNTHETIC DEMO DATA — NOT OFFICIAL GOVERNMENT RECORDS
PERSON-076,Sunita Rathore 4,9000000076,person076@example.test,"Synthetic Block 17, Vidisha Urban",Civil Lines Extension,5,Vidisha,Vidisha,Madhya Pradesh,464076,SYNTHETIC DEMO DATA — NOT OFFICIAL GOVERNMENT RECORDS
PERSON-077,Karan Dubey 4,9000000077,person077@example.test,"Synthetic Block 18, Vidisha Urban",Kachhi Khedi,6,Vidisha,Vidisha,Madhya Pradesh,464077,SYNTHETIC DEMO DATA — NOT OFFICIAL GOVERNMENT RECORDS
PERSON-078,Isha Kulkarni 4,9000000078,person078@example.test,"Synthetic Block 19, Vidisha Urban",Madhav Nagar,7,Vidisha,Vidisha,Madhya Pradesh,464078,SYNTHETIC DEMO DATA — NOT OFFICIAL GOVERNMENT RECORDS
PERSON-079,Mohan Solanki 4,9000000079,person079@example.test,"Synthetic Block 20, Vidisha Urban",Raisen Link,8,Vidisha,Vidisha,Madhya Pradesh,464079,SYNTHETIC DEMO DATA — NOT OFFICIAL GOVERNMENT RECORDS
PERSON-080,Rekha Bansal 4,9000000080,person080@example.test,"Synthetic Block 1, Vidisha Urban",Vidisha Urban,9,Vidisha,Vidisha,Madhya Pradesh,464080,SYNTHETIC DEMO DATA — NOT OFFICIAL GOVERNMENT RECORDS
PERSON-081,Rahul Sharma 5,9000000081,person081@example.test,"Synthetic Block 2, Vidisha Urban",Sanchi Road,10,Vidisha,Vidisha,Madhya Pradesh,464081,SYNTHETIC DEMO DATA — NOT OFFICIAL GOVERNMENT RECORDS
PERSON-082,Amit Verma 5,9000000082,person082@example.test,"Synthetic Block 3, Vidisha Urban",Betwa Nagar,11,Vidisha,Vidisha,Madhya Pradesh,464082,SYNTHETIC DEMO DATA — NOT OFFICIAL GOVERNMENT RECORDS
PERSON-083,Neha Patel 5,9000000083,person083@example.test,"Synthetic Block 4, Vidisha Urban",Ganj Basoda Road,12,Vidisha,Vidisha,Madhya Pradesh,464083,SYNTHETIC DEMO DATA — NOT OFFICIAL GOVERNMENT RECORDS
PERSON-084,Priya Singh 5,9000000084,person084@example.test,"Synthetic Block 5, Vidisha Urban",Civil Lines Extension,1,Vidisha,Vidisha,Madhya Pradesh,464084,SYNTHETIC DEMO DATA — NOT OFFICIAL GOVERNMENT RECORDS
PERSON-085,Suresh Yadav 5,9000000085,person085@example.test,"Synthetic Block 6, Vidisha Urban",Kachhi Khedi,2,Vidisha,Vidisha,Madhya Pradesh,464085,SYNTHETIC DEMO DATA — NOT OFFICIAL GOVERNMENT RECORDS
PERSON-086,Anjali Jain 5,9000000086,person086@example.test,"Synthetic Block 7, Vidisha Urban",Madhav Nagar,3,Vidisha,Vidisha,Madhya Pradesh,464086,SYNTHETIC DEMO DATA — NOT OFFICIAL GOVERNMENT RECORDS
PERSON-087,Vikram Mehta 5,9000000087,person087@example.test,"Synthetic Block 8, Vidisha Urban",Raisen Link,4,Vidisha,Vidisha,Madhya Pradesh,464087,SYNTHETIC DEMO DATA — NOT OFFICIAL GOVERNMENT RECORDS
PERSON-088,Kavita Joshi 5,9000000088,person088@example.test,"Synthetic Block 9, Vidisha Urban",Vidisha Urban,5,Vidisha,Vidisha,Madhya Pradesh,464088,SYNTHETIC DEMO DATA — NOT OFFICIAL GOVERNMENT RECORDS
PERSON-089,Manoj Gupta 5,9000000089,person089@example.test,"Synthetic Block 10, Vidisha Urban",Sanchi Road,6,Vidisha,Vidisha,Madhya Pradesh,464089,SYNTHETIC DEMO DATA — NOT OFFICIAL GOVERNMENT RECORDS
PERSON-090,Ritu Mishra 5,9000000090,person090@example.test,"Synthetic Block 11, Vidisha Urban",Betwa Nagar,7,Vidisha,Vidisha,Madhya Pradesh,464090,SYNTHETIC DEMO DATA — NOT OFFICIAL GOVERNMENT RECORDS
PERSON-091,Arjun Malviya 5,9000000091,person091@example.test,"Synthetic Block 12, Vidisha Urban",Ganj Basoda Road,8,Vidisha,Vidisha,Madhya Pradesh,464091,SYNTHETIC DEMO DATA — NOT OFFICIAL GOVERNMENT RECORDS
PERSON-092,Pooja Thakur 5,9000000092,person092@example.test,"Synthetic Block 13, Vidisha Urban",Civil Lines Extension,9,Vidisha,Vidisha,Madhya Pradesh,464092,SYNTHETIC DEMO DATA — NOT OFFICIAL GOVERNMENT RECORDS
PERSON-093,Nitin Saxena 5,9000000093,person093@example.test,"Synthetic Block 14, Vidisha Urban",Kachhi Khedi,10,Vidisha,Vidisha,Madhya Pradesh,464093,SYNTHETIC DEMO DATA — NOT OFFICIAL GOVERNMENT RECORDS
PERSON-094,Meera Chouhan 5,9000000094,person094@example.test,"Synthetic Block 15, Vidisha Urban",Madhav Nagar,11,Vidisha,Vidisha,Madhya Pradesh,464094,SYNTHETIC DEMO DATA — NOT OFFICIAL GOVERNMENT RECORDS
PERSON-095,Deepak Tiwari 5,9000000095,person095@example.test,"Synthetic Block 16, Vidisha Urban",Raisen Link,12,Vidisha,Vidisha,Madhya Pradesh,464095,SYNTHETIC DEMO DATA — NOT OFFICIAL GOVERNMENT RECORDS
PERSON-096,Sunita Rathore 5,9000000096,person096@example.test,"Synthetic Block 17, Vidisha Urban",Vidisha Urban,1,Vidisha,Vidisha,Madhya Pradesh,464096,SYNTHETIC DEMO DATA — NOT OFFICIAL GOVERNMENT RECORDS
PERSON-097,Karan Dubey 5,9000000097,person097@example.test,"Synthetic Block 18, Vidisha Urban",Sanchi Road,2,Vidisha,Vidisha,Madhya Pradesh,464097,SYNTHETIC DEMO DATA — NOT OFFICIAL GOVERNMENT RECORDS
PERSON-098,Isha Kulkarni 5,9000000098,person098@example.test,"Synthetic Block 19, Vidisha Urban",Betwa Nagar,3,Vidisha,Vidisha,Madhya Pradesh,464098,SYNTHETIC DEMO DATA — NOT OFFICIAL GOVERNMENT RECORDS
PERSON-099,Mohan Solanki 5,9000000099,person099@example.test,"Synthetic Block 20, Vidisha Urban",Ganj Basoda Road,4,Vidisha,Vidisha,Madhya Pradesh,464099,SYNTHETIC DEMO DATA — NOT OFFICIAL GOVERNMENT RECORDS
PERSON-100,Rekha Bansal 5,9000000100,person100@example.test,"Synthetic Block 1, Vidisha Urban",Civil Lines Extension,5,Vidisha,Vidisha,Madhya Pradesh,464000,SYNTHETIC DEMO DATA — NOT OFFICIAL GOVERNMENT RECORDS
PERSON-101,Rahul Sharma 6,9000000101,person101@example.test,"Synthetic Block 2, Vidisha Urban",Kachhi Khedi,6,Vidisha,Vidisha,Madhya Pradesh,464001,SYNTHETIC DEMO DATA — NOT OFFICIAL GOVERNMENT RECORDS
PERSON-102,Amit Verma 6,9000000102,person102@example.test,"Synthetic Block 3, Vidisha Urban",Madhav Nagar,7,Vidisha,Vidisha,Madhya Pradesh,464002,SYNTHETIC DEMO DATA — NOT OFFICIAL GOVERNMENT RECORDS
PERSON-103,Neha Patel 6,9000000103,person103@example.test,"Synthetic Block 4, Vidisha Urban",Raisen Link,8,Vidisha,Vidisha,Madhya Pradesh,464003,SYNTHETIC DEMO DATA — NOT OFFICIAL GOVERNMENT RECORDS
PERSON-104,Priya Singh 6,9000000104,person104@example.test,"Synthetic Block 5, Vidisha Urban",Vidisha Urban,9,Vidisha,Vidisha,Madhya Pradesh,464004,SYNTHETIC DEMO DATA — NOT OFFICIAL GOVERNMENT RECORDS
PERSON-105,Suresh Yadav 6,9000000105,person105@example.test,"Synthetic Block 6, Vidisha Urban",Sanchi Road,10,Vidisha,Vidisha,Madhya Pradesh,464005,SYNTHETIC DEMO DATA — NOT OFFICIAL GOVERNMENT RECORDS
PERSON-106,Anjali Jain 6,9000000106,person106@example.test,"Synthetic Block 7, Vidisha Urban",Betwa Nagar,11,Vidisha,Vidisha,Madhya Pradesh,464006,SYNTHETIC DEMO DATA — NOT OFFICIAL GOVERNMENT RECORDS
PERSON-107,Vikram Mehta 6,9000000107,person107@example.test,"Synthetic Block 8, Vidisha Urban",Ganj Basoda Road,12,Vidisha,Vidisha,Madhya Pradesh,464007,SYNTHETIC DEMO DATA — NOT OFFICIAL GOVERNMENT RECORDS
PERSON-108,Kavita Joshi 6,9000000108,person108@example.test,"Synthetic Block 9, Vidisha Urban",Civil Lines Extension,1,Vidisha,Vidisha,Madhya Pradesh,464008,SYNTHETIC DEMO DATA — NOT OFFICIAL GOVERNMENT RECORDS
PERSON-109,Manoj Gupta 6,9000000109,person109@example.test,"Synthetic Block 10, Vidisha Urban",Kachhi Khedi,2,Vidisha,Vidisha,Madhya Pradesh,464009,SYNTHETIC DEMO DATA — NOT OFFICIAL GOVERNMENT RECORDS
PERSON-110,Ritu Mishra 6,9000000110,person110@example.test,"Synthetic Block 11, Vidisha Urban",Madhav Nagar,3,Vidisha,Vidisha,Madhya Pradesh,464010,SYNTHETIC DEMO DATA — NOT OFFICIAL GOVERNMENT RECORDS
PERSON-111,Arjun Malviya 6,9000000111,person111@example.test,"Synthetic Block 12, Vidisha Urban",Raisen Link,4,Vidisha,Vidisha,Madhya Pradesh,464011,SYNTHETIC DEMO DATA — NOT OFFICIAL GOVERNMENT RECORDS
PERSON-112,Pooja Thakur 6,9000000112,person112@example.test,"Synthetic Block 13, Vidisha Urban",Vidisha Urban,5,Vidisha,Vidisha,Madhya Pradesh,464012,SYNTHETIC DEMO DATA — NOT OFFICIAL GOVERNMENT RECORDS
PERSON-113,Nitin Saxena 6,9000000113,person113@example.test,"Synthetic Block 14, Vidisha Urban",Sanchi Road,6,Vidisha,Vidisha,Madhya Pradesh,464013,SYNTHETIC DEMO DATA — NOT OFFICIAL GOVERNMENT RECORDS
PERSON-114,Meera Chouhan 6,9000000114,person114@example.test,"Synthetic Block 15, Vidisha Urban",Betwa Nagar,7,Vidisha,Vidisha,Madhya Pradesh,464014,SYNTHETIC DEMO DATA — NOT OFFICIAL GOVERNMENT RECORDS
PERSON-115,Deepak Tiwari 6,9000000115,person115@example.test,"Synthetic Block 16, Vidisha Urban",Ganj Basoda Road,8,Vidisha,Vidisha,Madhya Pradesh,464015,SYNTHETIC DEMO DATA — NOT OFFICIAL GOVERNMENT RECORDS
PERSON-116,Sunita Rathore 6,9000000116,person116@example.test,"Synthetic Block 17, Vidisha Urban",Civil Lines Extension,9,Vidisha,Vidisha,Madhya Pradesh,464016,SYNTHETIC DEMO DATA — NOT OFFICIAL GOVERNMENT RECORDS
PERSON-117,Karan Dubey 6,9000000117,person117@example.test,"Synthetic Block 18, Vidisha Urban",Kachhi Khedi,10,Vidisha,Vidisha,Madhya Pradesh,464017,SYNTHETIC DEMO DATA — NOT OFFICIAL GOVERNMENT RECORDS
PERSON-118,Isha Kulkarni 6,9000000118,person118@example.test,"Synthetic Block 19, Vidisha Urban",Madhav Nagar,11,Vidisha,Vidisha,Madhya Pradesh,464018,SYNTHETIC DEMO DATA — NOT OFFICIAL GOVERNMENT RECORDS
PERSON-119,Mohan Solanki 6,9000000119,person119@example.test,"Synthetic Block 20, Vidisha Urban",Raisen Link,12,Vidisha,Vidisha,Madhya Pradesh,464019,SYNTHETIC DEMO DATA — NOT OFFICIAL GOVERNMENT RECORDS
PERSON-120,Rekha Bansal 6,9000000120,person120@example.test,"Synthetic Block 1, Vidisha Urban",Vidisha Urban,1,Vidisha,Vidisha,Madhya Pradesh,464020,SYNTHETIC DEMO DATA — NOT OFFICIAL GOVERNMENT RECORDS
PERSON-121,Rahul Sharma 7,9000000121,person121@example.test,"Synthetic Block 2, Vidisha Urban",Sanchi Road,2,Vidisha,Vidisha,Madhya Pradesh,464021,SYNTHETIC DEMO DATA — NOT OFFICIAL GOVERNMENT RECORDS
PERSON-122,Amit Verma 7,9000000122,person122@example.test,"Synthetic Block 3, Vidisha Urban",Betwa Nagar,3,Vidisha,Vidisha,Madhya Pradesh,464022,SYNTHETIC DEMO DATA — NOT OFFICIAL GOVERNMENT RECORDS
PERSON-123,Neha Patel 7,9000000123,person123@example.test,"Synthetic Block 4, Vidisha Urban",Ganj Basoda Road,4,Vidisha,Vidisha,Madhya Pradesh,464023,SYNTHETIC DEMO DATA — NOT OFFICIAL GOVERNMENT RECORDS
PERSON-124,Priya Singh 7,9000000124,person124@example.test,"Synthetic Block 5, Vidisha Urban",Civil Lines Extension,5,Vidisha,Vidisha,Madhya Pradesh,464024,SYNTHETIC DEMO DATA — NOT OFFICIAL GOVERNMENT RECORDS
PERSON-125,Suresh Yadav 7,9000000125,person125@example.test,"Synthetic Block 6, Vidisha Urban",Kachhi Khedi,6,Vidisha,Vidisha,Madhya Pradesh,464025,SYNTHETIC DEMO DATA — NOT OFFICIAL GOVERNMENT RECORDS
PERSON-126,Anjali Jain 7,9000000126,person126@example.test,"Synthetic Block 7, Vidisha Urban",Madhav Nagar,7,Vidisha,Vidisha,Madhya Pradesh,464026,SYNTHETIC DEMO DATA — NOT OFFICIAL GOVERNMENT RECORDS
PERSON-127,Vikram Mehta 7,9000000127,person127@example.test,"Synthetic Block 8, Vidisha Urban",Raisen Link,8,Vidisha,Vidisha,Madhya Pradesh,464027,SYNTHETIC DEMO DATA — NOT OFFICIAL GOVERNMENT RECORDS
PERSON-128,Kavita Joshi 7,9000000128,person128@example.test,"Synthetic Block 9, Vidisha Urban",Vidisha Urban,9,Vidisha,Vidisha,Madhya Pradesh,464028,SYNTHETIC DEMO DATA — NOT OFFICIAL GOVERNMENT RECORDS
PERSON-129,Manoj Gupta 7,9000000129,person129@example.test,"Synthetic Block 10, Vidisha Urban",Sanchi Road,10,Vidisha,Vidisha,Madhya Pradesh,464029,SYNTHETIC DEMO DATA — NOT OFFICIAL GOVERNMENT RECORDS
PERSON-130,Ritu Mishra 7,9000000130,person130@example.test,"Synthetic Block 11, Vidisha Urban",Betwa Nagar,11,Vidisha,Vidisha,Madhya Pradesh,464030,SYNTHETIC DEMO DATA — NOT OFFICIAL GOVERNMENT RECORDS
PERSON-131,Arjun Malviya 7,9000000131,person131@example.test,"Synthetic Block 12, Vidisha Urban",Ganj Basoda Road,12,Vidisha,Vidisha,Madhya Pradesh,464031,SYNTHETIC DEMO DATA — NOT OFFICIAL GOVERNMENT RECORDS
PERSON-132,Pooja Thakur 7,9000000132,person132@example.test,"Synthetic Block 13, Vidisha Urban",Civil Lines Extension,1,Vidisha,Vidisha,Madhya Pradesh,464032,SYNTHETIC DEMO DATA — NOT OFFICIAL GOVERNMENT RECORDS
PERSON-133,Nitin Saxena 7,9000000133,person133@example.test,"Synthetic Block 14, Vidisha Urban",Kachhi Khedi,2,Vidisha,Vidisha,Madhya Pradesh,464033,SYNTHETIC DEMO DATA — NOT OFFICIAL GOVERNMENT RECORDS
PERSON-134,Meera Chouhan 7,9000000134,person134@example.test,"Synthetic Block 15, Vidisha Urban",Madhav Nagar,3,Vidisha,Vidisha,Madhya Pradesh,464034,SYNTHETIC DEMO DATA — NOT OFFICIAL GOVERNMENT RECORDS
PERSON-135,Deepak Tiwari 7,9000000135,person135@example.test,"Synthetic Block 16, Vidisha Urban",Raisen Link,4,Vidisha,Vidisha,Madhya Pradesh,464035,SYNTHETIC DEMO DATA — NOT OFFICIAL GOVERNMENT RECORDS
PERSON-136,Sunita Rathore 7,9000000136,person136@example.test,"Synthetic Block 17, Vidisha Urban",Vidisha Urban,5,Vidisha,Vidisha,Madhya Pradesh,464036,SYNTHETIC DEMO DATA — NOT OFFICIAL GOVERNMENT RECORDS
PERSON-137,Karan Dubey 7,9000000137,person137@example.test,"Synthetic Block 18, Vidisha Urban",Sanchi Road,6,Vidisha,Vidisha,Madhya Pradesh,464037,SYNTHETIC DEMO DATA — NOT OFFICIAL GOVERNMENT RECORDS
PERSON-138,Isha Kulkarni 7,9000000138,person138@example.test,"Synthetic Block 19, Vidisha Urban",Betwa Nagar,7,Vidisha,Vidisha,Madhya Pradesh,464038,SYNTHETIC DEMO DATA — NOT OFFICIAL GOVERNMENT RECORDS
PERSON-139,Mohan Solanki 7,9000000139,person139@example.test,"Synthetic Block 20, Vidisha Urban",Ganj Basoda Road,8,Vidisha,Vidisha,Madhya Pradesh,464039,SYNTHETIC DEMO DATA — NOT OFFICIAL GOVERNMENT RECORDS
PERSON-140,Rekha Bansal 7,9000000140,person140@example.test,"Synthetic Block 1, Vidisha Urban",Civil Lines Extension,9,Vidisha,Vidisha,Madhya Pradesh,464040,SYNTHETIC DEMO DATA — NOT OFFICIAL GOVERNMENT RECORDS
PERSON-141,Rahul Sharma 8,9000000141,person141@example.test,"Synthetic Block 2, Vidisha Urban",Kachhi Khedi,10,Vidisha,Vidisha,Madhya Pradesh,464041,SYNTHETIC DEMO DATA — NOT OFFICIAL GOVERNMENT RECORDS
PERSON-142,Amit Verma 8,9000000142,person142@example.test,"Synthetic Block 3, Vidisha Urban",Madhav Nagar,11,Vidisha,Vidisha,Madhya Pradesh,464042,SYNTHETIC DEMO DATA — NOT OFFICIAL GOVERNMENT RECORDS
PERSON-143,Neha Patel 8,9000000143,person143@example.test,"Synthetic Block 4, Vidisha Urban",Raisen Link,12,Vidisha,Vidisha,Madhya Pradesh,464043,SYNTHETIC DEMO DATA — NOT OFFICIAL GOVERNMENT RECORDS
PERSON-144,Priya Singh 8,9000000144,person144@example.test,"Synthetic Block 5, Vidisha Urban",Vidisha Urban,1,Vidisha,Vidisha,Madhya Pradesh,464044,SYNTHETIC DEMO DATA — NOT OFFICIAL GOVERNMENT RECORDS
PERSON-145,Suresh Yadav 8,9000000145,person145@example.test,"Synthetic Block 6, Vidisha Urban",Sanchi Road,2,Vidisha,Vidisha,Madhya Pradesh,464045,SYNTHETIC DEMO DATA — NOT OFFICIAL GOVERNMENT RECORDS
PERSON-146,Anjali Jain 8,9000000146,person146@example.test,"Synthetic Block 7, Vidisha Urban",Betwa Nagar,3,Vidisha,Vidisha,Madhya Pradesh,464046,SYNTHETIC DEMO DATA — NOT OFFICIAL GOVERNMENT RECORDS
PERSON-147,Vikram Mehta 8,9000000147,person147@example.test,"Synthetic Block 8, Vidisha Urban",Ganj Basoda Road,4,Vidisha,Vidisha,Madhya Pradesh,464047,SYNTHETIC DEMO DATA — NOT OFFICIAL GOVERNMENT RECORDS
PERSON-148,Kavita Joshi 8,9000000148,person148@example.test,"Synthetic Block 9, Vidisha Urban",Civil Lines Extension,5,Vidisha,Vidisha,Madhya Pradesh,464048,SYNTHETIC DEMO DATA — NOT OFFICIAL GOVERNMENT RECORDS
PERSON-149,Manoj Gupta 8,9000000149,person149@example.test,"Synthetic Block 10, Vidisha Urban",Kachhi Khedi,6,Vidisha,Vidisha,Madhya Pradesh,464049,SYNTHETIC DEMO DATA — NOT OFFICIAL GOVERNMENT RECORDS
PERSON-150,Ritu Mishra 8,9000000150,person150@example.test,"Synthetic Block 11, Vidisha Urban",Madhav Nagar,7,Vidisha,Vidisha,Madhya Pradesh,464050,SYNTHETIC DEMO DATA — NOT OFFICIAL GOVERNMENT RECORDS
PERSON-151,Arjun Malviya 8,9000000151,person151@example.test,"Synthetic Block 12, Vidisha Urban",Raisen Link,8,Vidisha,Vidisha,Madhya Pradesh,464051,SYNTHETIC DEMO DATA — NOT OFFICIAL GOVERNMENT RECORDS
PERSON-152,Pooja Thakur 8,9000000152,person152@example.test,"Synthetic Block 13, Vidisha Urban",Vidisha Urban,9,Vidisha,Vidisha,Madhya Pradesh,464052,SYNTHETIC DEMO DATA — NOT OFFICIAL GOVERNMENT RECORDS
PERSON-153,Nitin Saxena 8,9000000153,person153@example.test,"Synthetic Block 14, Vidisha Urban",Sanchi Road,10,Vidisha,Vidisha,Madhya Pradesh,464053,SYNTHETIC DEMO DATA — NOT OFFICIAL GOVERNMENT RECORDS
PERSON-154,Meera Chouhan 8,9000000154,person154@example.test,"Synthetic Block 15, Vidisha Urban",Betwa Nagar,11,Vidisha,Vidisha,Madhya Pradesh,464054,SYNTHETIC DEMO DATA — NOT OFFICIAL GOVERNMENT RECORDS
PERSON-155,Deepak Tiwari 8,9000000155,person155@example.test,"Synthetic Block 16, Vidisha Urban",Ganj Basoda Road,12,Vidisha,Vidisha,Madhya Pradesh,464055,SYNTHETIC DEMO DATA — NOT OFFICIAL GOVERNMENT RECORDS
PERSON-156,Sunita Rathore 8,9000000156,person156@example.test,"Synthetic Block 17, Vidisha Urban",Civil Lines Extension,1,Vidisha,Vidisha,Madhya Pradesh,464056,SYNTHETIC DEMO DATA — NOT OFFICIAL GOVERNMENT RECORDS
PERSON-157,Karan Dubey 8,9000000157,person157@example.test,"Synthetic Block 18, Vidisha Urban",Kachhi Khedi,2,Vidisha,Vidisha,Madhya Pradesh,464057,SYNTHETIC DEMO DATA — NOT OFFICIAL GOVERNMENT RECORDS
PERSON-158,Isha Kulkarni 8,9000000158,person158@example.test,"Synthetic Block 19, Vidisha Urban",Madhav Nagar,3,Vidisha,Vidisha,Madhya Pradesh,464058,SYNTHETIC DEMO DATA — NOT OFFICIAL GOVERNMENT RECORDS
PERSON-159,Mohan Solanki 8,9000000159,person159@example.test,"Synthetic Block 20, Vidisha Urban",Raisen Link,4,Vidisha,Vidisha,Madhya Pradesh,464059,SYNTHETIC DEMO DATA — NOT OFFICIAL GOVERNMENT RECORDS
PERSON-160,Rekha Bansal 8,9000000160,person160@example.test,"Synthetic Block 1, Vidisha Urban",Vidisha Urban,5,Vidisha,Vidisha,Madhya Pradesh,464060,SYNTHETIC DEMO DATA — NOT OFFICIAL GOVERNMENT RECORDS
PERSON-161,Rahul Sharma 9,9000000161,person161@example.test,"Synthetic Block 2, Vidisha Urban",Sanchi Road,6,Vidisha,Vidisha,Madhya Pradesh,464061,SYNTHETIC DEMO DATA — NOT OFFICIAL GOVERNMENT RECORDS
PERSON-162,Amit Verma 9,9000000162,person162@example.test,"Synthetic Block 3, Vidisha Urban",Betwa Nagar,7,Vidisha,Vidisha,Madhya Pradesh,464062,SYNTHETIC DEMO DATA — NOT OFFICIAL GOVERNMENT RECORDS
PERSON-163,Neha Patel 9,9000000163,person163@example.test,"Synthetic Block 4, Vidisha Urban",Ganj Basoda Road,8,Vidisha,Vidisha,Madhya Pradesh,464063,SYNTHETIC DEMO DATA — NOT OFFICIAL GOVERNMENT RECORDS
PERSON-164,Priya Singh 9,9000000164,person164@example.test,"Synthetic Block 5, Vidisha Urban",Civil Lines Extension,9,Vidisha,Vidisha,Madhya Pradesh,464064,SYNTHETIC DEMO DATA — NOT OFFICIAL GOVERNMENT RECORDS
PERSON-165,Suresh Yadav 9,9000000165,person165@example.test,"Synthetic Block 6, Vidisha Urban",Kachhi Khedi,10,Vidisha,Vidisha,Madhya Pradesh,464065,SYNTHETIC DEMO DATA — NOT OFFICIAL GOVERNMENT RECORDS
PERSON-166,Anjali Jain 9,9000000166,person166@example.test,"Synthetic Block 7, Vidisha Urban",Madhav Nagar,11,Vidisha,Vidisha,Madhya Pradesh,464066,SYNTHETIC DEMO DATA — NOT OFFICIAL GOVERNMENT RECORDS
PERSON-167,Vikram Mehta 9,9000000167,person167@example.test,"Synthetic Block 8, Vidisha Urban",Raisen Link,12,Vidisha,Vidisha,Madhya Pradesh,464067,SYNTHETIC DEMO DATA — NOT OFFICIAL GOVERNMENT RECORDS
PERSON-168,Kavita Joshi 9,9000000168,person168@example.test,"Synthetic Block 9, Vidisha Urban",Vidisha Urban,1,Vidisha,Vidisha,Madhya Pradesh,464068,SYNTHETIC DEMO DATA — NOT OFFICIAL GOVERNMENT RECORDS
PERSON-169,Manoj Gupta 9,9000000169,person169@example.test,"Synthetic Block 10, Vidisha Urban",Sanchi Road,2,Vidisha,Vidisha,Madhya Pradesh,464069,SYNTHETIC DEMO DATA — NOT OFFICIAL GOVERNMENT RECORDS
PERSON-170,Ritu Mishra 9,9000000170,person170@example.test,"Synthetic Block 11, Vidisha Urban",Betwa Nagar,3,Vidisha,Vidisha,Madhya Pradesh,464070,SYNTHETIC DEMO DATA — NOT OFFICIAL GOVERNMENT RECORDS
PERSON-171,Arjun Malviya 9,9000000171,person171@example.test,"Synthetic Block 12, Vidisha Urban",Ganj Basoda Road,4,Vidisha,Vidisha,Madhya Pradesh,464071,SYNTHETIC DEMO DATA — NOT OFFICIAL GOVERNMENT RECORDS
PERSON-172,Pooja Thakur 9,9000000172,person172@example.test,"Synthetic Block 13, Vidisha Urban",Civil Lines Extension,5,Vidisha,Vidisha,Madhya Pradesh,464072,SYNTHETIC DEMO DATA — NOT OFFICIAL GOVERNMENT RECORDS
PERSON-173,Nitin Saxena 9,9000000173,person173@example.test,"Synthetic Block 14, Vidisha Urban",Kachhi Khedi,6,Vidisha,Vidisha,Madhya Pradesh,464073,SYNTHETIC DEMO DATA — NOT OFFICIAL GOVERNMENT RECORDS
PERSON-174,Meera Chouhan 9,9000000174,person174@example.test,"Synthetic Block 15, Vidisha Urban",Madhav Nagar,7,Vidisha,Vidisha,Madhya Pradesh,464074,SYNTHETIC DEMO DATA — NOT OFFICIAL GOVERNMENT RECORDS
PERSON-175,Deepak Tiwari 9,9000000175,person175@example.test,"Synthetic Block 16, Vidisha Urban",Raisen Link,8,Vidisha,Vidisha,Madhya Pradesh,464075,SYNTHETIC DEMO DATA — NOT OFFICIAL GOVERNMENT RECORDS
PERSON-176,Sunita Rathore 9,9000000176,person176@example.test,"Synthetic Block 17, Vidisha Urban",Vidisha Urban,9,Vidisha,Vidisha,Madhya Pradesh,464076,SYNTHETIC DEMO DATA — NOT OFFICIAL GOVERNMENT RECORDS
PERSON-177,Karan Dubey 9,9000000177,person177@example.test,"Synthetic Block 18, Vidisha Urban",Sanchi Road,10,Vidisha,Vidisha,Madhya Pradesh,464077,SYNTHETIC DEMO DATA — NOT OFFICIAL GOVERNMENT RECORDS
PERSON-178,Isha Kulkarni 9,9000000178,person178@example.test,"Synthetic Block 19, Vidisha Urban",Betwa Nagar,11,Vidisha,Vidisha,Madhya Pradesh,464078,SYNTHETIC DEMO DATA — NOT OFFICIAL GOVERNMENT RECORDS
PERSON-179,Mohan Solanki 9,9000000179,person179@example.test,"Synthetic Block 20, Vidisha Urban",Ganj Basoda Road,12,Vidisha,Vidisha,Madhya Pradesh,464079,SYNTHETIC DEMO DATA — NOT OFFICIAL GOVERNMENT RECORDS
PERSON-180,Rekha Bansal 9,9000000180,person180@example.test,"Synthetic Block 1, Vidisha Urban",Civil Lines Extension,1,Vidisha,Vidisha,Madhya Pradesh,464080,SYNTHETIC DEMO DATA — NOT OFFICIAL GOVERNMENT RECORDS
PERSON-181,Rahul Sharma 10,9000000181,person181@example.test,"Synthetic Block 2, Vidisha Urban",Kachhi Khedi,2,Vidisha,Vidisha,Madhya Pradesh,464081,SYNTHETIC DEMO DATA — NOT OFFICIAL GOVERNMENT RECORDS
PERSON-182,Amit Verma 10,9000000182,person182@example.test,"Synthetic Block 3, Vidisha Urban",Madhav Nagar,3,Vidisha,Vidisha,Madhya Pradesh,464082,SYNTHETIC DEMO DATA — NOT OFFICIAL GOVERNMENT RECORDS
PERSON-183,Neha Patel 10,9000000183,person183@example.test,"Synthetic Block 4, Vidisha Urban",Raisen Link,4,Vidisha,Vidisha,Madhya Pradesh,464083,SYNTHETIC DEMO DATA — NOT OFFICIAL GOVERNMENT RECORDS
PERSON-184,Priya Singh 10,9000000184,person184@example.test,"Synthetic Block 5, Vidisha Urban",Vidisha Urban,5,Vidisha,Vidisha,Madhya Pradesh,464084,SYNTHETIC DEMO DATA — NOT OFFICIAL GOVERNMENT RECORDS
PERSON-185,Suresh Yadav 10,9000000185,person185@example.test,"Synthetic Block 6, Vidisha Urban",Sanchi Road,6,Vidisha,Vidisha,Madhya Pradesh,464085,SYNTHETIC DEMO DATA — NOT OFFICIAL GOVERNMENT RECORDS
PERSON-186,Anjali Jain 10,9000000186,person186@example.test,"Synthetic Block 7, Vidisha Urban",Betwa Nagar,7,Vidisha,Vidisha,Madhya Pradesh,464086,SYNTHETIC DEMO DATA — NOT OFFICIAL GOVERNMENT RECORDS
PERSON-187,Vikram Mehta 10,9000000187,person187@example.test,"Synthetic Block 8, Vidisha Urban",Ganj Basoda Road,8,Vidisha,Vidisha,Madhya Pradesh,464087,SYNTHETIC DEMO DATA — NOT OFFICIAL GOVERNMENT RECORDS
PERSON-188,Kavita Joshi 10,9000000188,person188@example.test,"Synthetic Block 9, Vidisha Urban",Civil Lines Extension,9,Vidisha,Vidisha,Madhya Pradesh,464088,SYNTHETIC DEMO DATA — NOT OFFICIAL GOVERNMENT RECORDS
PERSON-189,Manoj Gupta 10,9000000189,person189@example.test,"Synthetic Block 10, Vidisha Urban",Kachhi Khedi,10,Vidisha,Vidisha,Madhya Pradesh,464089,SYNTHETIC DEMO DATA — NOT OFFICIAL GOVERNMENT RECORDS
PERSON-190,Ritu Mishra 10,9000000190,person190@example.test,"Synthetic Block 11, Vidisha Urban",Madhav Nagar,11,Vidisha,Vidisha,Madhya Pradesh,464090,SYNTHETIC DEMO DATA — NOT OFFICIAL GOVERNMENT RECORDS
PERSON-191,Arjun Malviya 10,9000000191,person191@example.test,"Synthetic Block 12, Vidisha Urban",Raisen Link,12,Vidisha,Vidisha,Madhya Pradesh,464091,SYNTHETIC DEMO DATA — NOT OFFICIAL GOVERNMENT RECORDS
PERSON-192,Pooja Thakur 10,9000000192,person192@example.test,"Synthetic Block 13, Vidisha Urban",Vidisha Urban,1,Vidisha,Vidisha,Madhya Pradesh,464092,SYNTHETIC DEMO DATA — NOT OFFICIAL GOVERNMENT RECORDS
PERSON-193,Nitin Saxena 10,9000000193,person193@example.test,"Synthetic Block 14, Vidisha Urban",Sanchi Road,2,Vidisha,Vidisha,Madhya Pradesh,464093,SYNTHETIC DEMO DATA — NOT OFFICIAL GOVERNMENT RECORDS
PERSON-194,Meera Chouhan 10,9000000194,person194@example.test,"Synthetic Block 15, Vidisha Urban",Betwa Nagar,3,Vidisha,Vidisha,Madhya Pradesh,464094,SYNTHETIC DEMO DATA — NOT OFFICIAL GOVERNMENT RECORDS
PERSON-195,Deepak Tiwari 10,9000000195,person195@example.test,"Synthetic Block 16, Vidisha Urban",Ganj Basoda Road,4,Vidisha,Vidisha,Madhya Pradesh,464095,SYNTHETIC DEMO DATA — NOT OFFICIAL GOVERNMENT RECORDS
PERSON-196,Sunita Rathore 10,9000000196,person196@example.test,"Synthetic Block 17, Vidisha Urban",Civil Lines Extension,5,Vidisha,Vidisha,Madhya Pradesh,464096,SYNTHETIC DEMO DATA — NOT OFFICIAL GOVERNMENT RECORDS
PERSON-197,Karan Dubey 10,9000000197,person197@example.test,"Synthetic Block 18, Vidisha Urban",Kachhi Khedi,6,Vidisha,Vidisha,Madhya Pradesh,464097,SYNTHETIC DEMO DATA — NOT OFFICIAL GOVERNMENT RECORDS
PERSON-198,Isha Kulkarni 10,9000000198,person198@example.test,"Synthetic Block 19, Vidisha Urban",Madhav Nagar,7,Vidisha,Vidisha,Madhya Pradesh,464098,SYNTHETIC DEMO DATA — NOT OFFICIAL GOVERNMENT RECORDS
PERSON-199,Mohan Solanki 10,9000000199,person199@example.test,"Synthetic Block 20, Vidisha Urban",Raisen Link,8,Vidisha,Vidisha,Madhya Pradesh,464099,SYNTHETIC DEMO DATA — NOT OFFICIAL GOVERNMENT RECORDS
PERSON-200,Rekha Bansal 10,9000000200,person200@example.test,"Synthetic Block 1, Vidisha Urban",Vidisha Urban,9,Vidisha,Vidisha,Madhya Pradesh,464000,SYNTHETIC DEMO DATA — NOT OFFICIAL GOVERNMENT RECORDS
