property_id,person_id,ownership_type,ownership_percentage,data_type
P1001,PERSON-001,PRIMARY_OWNER,100,SYNTHETIC DEMO DATA — NOT OFFICIAL GOVERNMENT RECORDS
P1002,PERSON-002,PRIMARY_OWNER,100,SYNTHETIC DEMO DATA — NOT OFFICIAL GOVERNMENT RECORDS
P1003,PERSON-003,PRIMARY_OWNER,100,SYNTHETIC DEMO DATA — NOT OFFICIAL GOVERNMENT RECORDS
P1004,PERSON-004,PRIMARY_OWNER,100,SYNTHETIC DEMO DATA — NOT OFFICIAL GOVERNMENT RECORDS
P1005,PERSON-005,PRIMARY_OWNER,100,SYNTHETIC DEMO DATA — NOT OFFICIAL GOVERNMENT RECORDS
P1006,PERSON-006,PRIMARY_OWNER,100,SYNTHETIC DEMO DATA — NOT OFFICIAL GOVERNMENT RECORDS
P1007,PERSON-007,PRIMARY_OWNER,100,SYNTHETIC DEMO DATA — NOT OFFICIAL GOVERNMENT RECORDS
P1008,PERSON-008,PRIMARY_OWNER,100,SYNTHETIC DEMO DATA — NOT OFFICIAL GOVERNMENT RECORDS
P1009,PERSON-009,PRIMARY_OWNER,100,SYNTHETIC DEMO DATA — NOT OFFICIAL GOVERNMENT RECORDS
P1010,PERSON-010,PRIMARY_OWNER,100,SYNTHETIC DEMO DATA — NOT OFFICIAL GOVERNMENT RECORDS
P1011,PERSON-011,PRIMARY_OWNER,100,SYNTHETIC DEMO DATA — NOT OFFICIAL GOVERNMENT RECORDS
P1012,PERSON-012,PRIMARY_OWNER,100,SYNTHETIC DEMO DATA — NOT OFFICIAL GOVERNMENT RECORDS
P1013,PERSON-013,PRIMARY_OWNER,100,SYNTHETIC DEMO DATA — NOT OFFICIAL GOVERNMENT RECORDS
P1014,PERSON-014,PRIMARY_OWNER,100,SYNTHETIC DEMO DATA — NOT OFFICIAL GOVERNMENT RECORDS
P1015,PERSON-015,PRIMARY_OWNER,100,SYNTHETIC DEMO DATA — NOT OFFICIAL GOVERNMENT RECORDS
P1016,PERSON-016,PRIMARY_OWNER,100,SYNTHETIC DEMO DATA — NOT OFFICIAL GOVERNMENT RECORDS
P1017,PERSON-017,PRIMARY_OWNER,100,SYNTHETIC DEMO DATA — NOT OFFICIAL GOVERNMENT RECORDS
P1018,PERSON-018,PRIMARY_OWNER,100,SYNTHETIC DEMO DATA — NOT OFFICIAL GOVERNMENT RECORDS
P1019,PERSON-019,PRIMARY_OWNER,100,SYNTHETIC DEMO DATA — NOT OFFICIAL GOVERNMENT RECORDS
P1020,PERSON-020,PRIMARY_OWNER,100,SYNTHETIC DEMO DATA — NOT OFFICIAL GOVERNMENT RECORDS
P1021,PERSON-021,PRIMARY_OWNER,100,SYNTHETIC DEMO DATA — NOT OFFICIAL GOVERNMENT RECORDS
P1022,PERSON-022,PRIMARY_OWNER,100,SYNTHETIC DEMO DATA — NOT OFFICIAL GOVERNMENT RECORDS
P1023,PERSON-023,PRIMARY_OWNER,100,SYNTHETIC DEMO DATA — NOT OFFICIAL GOVERNMENT RECORDS
P1024,PERSON-024,PRIMARY_OWNER,100,SYNTHETIC DEMO DATA — NOT OFFICIAL GOVERNMENT RECORDS
P1025,PERSON-025,PRIMARY_OWNER,100,SYNTHETIC DEMO DATA — NOT OFFICIAL GOVERNMENT RECORDS
P1026,PERSON-026,PRIMARY_OWNER,100,SYNTHETIC DEMO DATA — NOT OFFICIAL GOVERNMENT RECORDS
P1027,PERSON-027,PRIMARY_OWNER,100,SYNTHETIC DEMO DATA — NOT OFFICIAL GOVERNMENT RECORDS
P1028,PERSON-028,PRIMARY_OWNER,100,SYNTHETIC DEMO DATA — NOT OFFICIAL GOVERNMENT RECORDS
P1029,PERSON-029,PRIMARY_OWNER,100,SYNTHETIC DEMO DATA — NOT OFFICIAL GOVERNMENT RECORDS
P1030,PERSON-030,PRIMARY_OWNER,100,SYNTHETIC DEMO DATA — NOT OFFICIAL GOVERNMENT RECORDS
P1031,PERSON-031,PRIMARY_OWNER,100,SYNTHETIC DEMO DATA — NOT OFFICIAL GOVERNMENT RECORDS
P1032,PERSON-032,PRIMARY_OWNER,100,SYNTHETIC DEMO DATA — NOT OFFICIAL GOVERNMENT RECORDS
P1033,PERSON-033,PRIMARY_OWNER,100,SYNTHETIC DEMO DATA — NOT OFFICIAL GOVERNMENT RECORDS
P1034,PERSON-034,PRIMARY_OWNER,100,SYNTHETIC DEMO DATA — NOT OFFICIAL GOVERNMENT RECORDS
P1035,PERSON-035,PRIMARY_OWNER,100,SYNTHETIC DEMO DATA — NOT OFFICIAL GOVERNMENT RECORDS
P1036,PERSON-036,PRIMARY_OWNER,100,SYNTHETIC DEMO DATA — NOT OFFICIAL GOVERNMENT RECORDS
P1037,PERSON-037,PRIMARY_OWNER,100,SYNTHETIC DEMO DATA — NOT OFFICIAL GOVERNMENT RECORDS
P1038,PERSON-038,PRIMARY_OWNER,100,SYNTHETIC DEMO DATA — NOT OFFICIAL GOVERNMENT RECORDS
P1039,PERSON-039,PRIMARY_OWNER,100,SYNTHETIC DEMO DATA — NOT OFFICIAL GOVERNMENT RECORDS
P1040,PERSON-040,PRIMARY_OWNER,100,SYNTHETIC DEMO DATA — NOT OFFICIAL GOVERNMENT RECORDS
P1041,PERSON-041,PRIMARY_OWNER,100,SYNTHETIC DEMO DATA — NOT OFFICIAL GOVERNMENT RECORDS
P1042,PERSON-042,PRIMARY_OWNER,100,SYNTHETIC DEMO DATA — NOT OFFICIAL GOVERNMENT RECORDS
P1043,PERSON-043,PRIMARY_OWNER,100,SYNTHETIC DEMO DATA — NOT OFFICIAL GOVERNMENT RECORDS
P1044,PERSON-044,PRIMARY_OWNER,100,SYNTHETIC DEMO DATA — NOT OFFICIAL GOVERNMENT RECORDS
P1045,PERSON-045,PRIMARY_OWNER,100,SYNTHETIC DEMO DATA — NOT OFFICIAL GOVERNMENT RECORDS
P1046,PERSON-046,PRIMARY_OWNER,100,SYNTHETIC DEMO DATA — NOT OFFICIAL GOVERNMENT RECORDS
P1047,PERSON-047,PRIMARY_OWNER,100,SYNTHETIC DEMO DATA — NOT OFFICIAL GOVERNMENT RECORDS
P1048,PERSON-048,PRIMARY_OWNER,100,SYNTHETIC DEMO DATA — NOT OFFICIAL GOVERNMENT RECORDS
P1049,PERSON-049,PRIMARY_OWNER,100,SYNTHETIC DEMO DATA — NOT OFFICIAL GOVERNMENT RECORDS
P1050,PERSON-050,PRIMARY_OWNER,100,SYNTHETIC DEMO DATA — NOT OFFICIAL GOVERNMENT RECORDS
P1051,PERSON-051,PRIMARY_OWNER,100,SYNTHETIC DEMO DATA — NOT OFFICIAL GOVERNMENT RECORDS
P1052,PERSON-052,PRIMARY_OWNER,100,SYNTHETIC DEMO DATA — NOT OFFICIAL GOVERNMENT RECORDS
P1053,PERSON-053,PRIMARY_OWNER,100,SYNTHETIC DEMO DATA — NOT OFFICIAL GOVERNMENT RECORDS
P1054,PERSON-054,PRIMARY_OWNER,100,SYNTHETIC DEMO DATA — NOT OFFICIAL GOVERNMENT RECORDS
P1055,PERSON-055,PRIMARY_OWNER,100,SYNTHETIC DEMO DATA — NOT OFFICIAL GOVERNMENT RECORDS
P1056,PERSON-056,PRIMARY_OWNER,100,SYNTHETIC DEMO DATA — NOT OFFICIAL GOVERNMENT RECORDS
P1057,PERSON-057,PRIMARY_OWNER,100,SYNTHETIC DEMO DATA — NOT OFFICIAL GOVERNMENT RECORDS
P1058,PERSON-058,PRIMARY_OWNER,100,SYNTHETIC DEMO DATA — NOT OFFICIAL GOVERNMENT RECORDS
P1059,PERSON-059,PRIMARY_OWNER,100,SYNTHETIC DEMO DATA — NOT OFFICIAL GOVERNMENT RECORDS
P1060,PERSON-060,PRIMARY_OWNER,100,SYNTHETIC DEMO DATA — NOT OFFICIAL GOVERNMENT RECORDS
P1061,PERSON-061,PRIMARY_OWNER,100,SYNTHETIC DEMO DATA — NOT OFFICIAL GOVERNMENT RECORDS
P1062,PERSON-062,PRIMARY_OWNER,100,SYNTHETIC DEMO DATA — NOT OFFICIAL GOVERNMENT RECORDS
P1063,PERSON-063,PRIMARY_OWNER,100,SYNTHETIC DEMO DATA — NOT OFFICIAL GOVERNMENT RECORDS
P1064,PERSON-064,PRIMARY_OWNER,100,SYNTHETIC DEMO DATA — NOT OFFICIAL GOVERNMENT RECORDS
P1065,PERSON-065,PRIMARY_OWNER,100,SYNTHETIC DEMO DATA — NOT OFFICIAL GOVERNMENT RECORDS
P1066,PERSON-066,PRIMARY_OWNER,100,SYNTHETIC DEMO DATA — NOT OFFICIAL GOVERNMENT RECORDS
P1067,PERSON-067,PRIMARY_OWNER,100,SYNTHETIC DEMO DATA — NOT OFFICIAL GOVERNMENT RECORDS
P1068,PERSON-068,PRIMARY_OWNER,100,SYNTHETIC DEMO DATA — NOT OFFICIAL GOVERNMENT RECORDS
P1069,PERSON-069,PRIMARY_OWNER,100,SYNTHETIC DEMO DATA — NOT OFFICIAL GOVERNMENT RECORDS
P1070,PERSON-070,PRIMARY_OWNER,100,SYNTHETIC DEMO DATA — NOT OFFICIAL GOVERNMENT RECORDS
P1071,PERSON-071,PRIMARY_OWNER,100,SYNTHETIC DEMO DATA — NOT OFFICIAL GOVERNMENT RECORDS
P1072,PERSON-072,PRIMARY_OWNER,100,SYNTHETIC DEMO DATA — NOT OFFICIAL GOVERNMENT RECORDS
P1073,PERSON-073,PRIMARY_OWNER,100,SYNTHETIC DEMO DATA — NOT OFFICIAL GOVERNMENT RECORDS
P1074,PERSON-074,PRIMARY_OWNER,100,SYNTHETIC DEMO DATA — NOT OFFICIAL GOVERNMENT RECORDS
P1075,PERSON-075,PRIMARY_OWNER,100,SYNTHETIC DEMO DATA — NOT OFFICIAL GOVERNMENT RECORDS
P1076,PERSON-076,PRIMARY_OWNER,100,SYNTHETIC DEMO DATA — NOT OFFICIAL GOVERNMENT RECORDS
P1077,PERSON-077,PRIMARY_OWNER,100,SYNTHETIC DEMO DATA — NOT OFFICIAL GOVERNMENT RECORDS
P1078,PERSON-078,PRIMARY_OWNER,100,SYNTHETIC DEMO DATA — NOT OFFICIAL GOVERNMENT RECORDS
P1079,PERSON-079,PRIMARY_OWNER,100,SYNTHETIC DEMO DATA — NOT OFFICIAL GOVERNMENT RECORDS
P1080,PERSON-080,PRIMARY_OWNER,100,SYNTHETIC DEMO DATA — NOT OFFICIAL GOVERNMENT RECORDS
P1081,PERSON-081,PRIMARY_OWNER,100,SYNTHETIC DEMO DATA — NOT OFFICIAL GOVERNMENT RECORDS
P1082,PERSON-082,PRIMARY_OWNER,100,SYNTHETIC DEMO DATA — NOT OFFICIAL GOVERNMENT RECORDS
P1083,PERSON-083,PRIMARY_OWNER,100,SYNTHETIC DEMO DATA — NOT OFFICIAL GOVERNMENT RECORDS
P1084,PERSON-084,PRIMARY_OWNER,100,SYNTHETIC DEMO DATA — NOT OFFICIAL GOVERNMENT RECORDS
P1085,PERSON-085,PRIMARY_OWNER,100,SYNTHETIC DEMO DATA — NOT OFFICIAL GOVERNMENT RECORDS
P1086,PERSON-086,PRIMARY_OWNER,100,SYNTHETIC DEMO DATA — NOT OFFICIAL GOVERNMENT RECORDS
P1087,PERSON-087,PRIMARY_OWNER,100,SYNTHETIC DEMO DATA — NOT OFFICIAL GOVERNMENT RECORDS
P1088,PERSON-088,PRIMARY_OWNER,100,SYNTHETIC DEMO DATA — NOT OFFICIAL GOVERNMENT RECORDS
P1089,PERSON-089,PRIMARY_OWNER,100,SYNTHETIC DEMO DATA — NOT OFFICIAL GOVERNMENT RECORDS
P1090,PERSON-090,PRIMARY_OWNER,100,SYNTHETIC DEMO DATA — NOT OFFICIAL GOVERNMENT RECORDS
P1091,PERSON-091,PRIMARY_OWNER,100,SYNTHETIC DEMO DATA — NOT OFFICIAL GOVERNMENT RECORDS
P1092,PERSON-092,PRIMARY_OWNER,100,SYNTHETIC DEMO DATA — NOT OFFICIAL GOVERNMENT RECORDS
P1093,PERSON-093,PRIMARY_OWNER,100,SYNTHETIC DEMO DATA — NOT OFFICIAL GOVERNMENT RECORDS
P1094,PERSON-094,PRIMARY_OWNER,100,SYNTHETIC DEMO DATA — NOT OFFICIAL GOVERNMENT RECORDS
P1095,PERSON-095,PRIMARY_OWNER,100,SYNTHETIC DEMO DATA — NOT OFFICIAL GOVERNMENT RECORDS
P1096,PERSON-096,PRIMARY_OWNER,100,SYNTHETIC DEMO DATA — NOT OFFICIAL GOVERNMENT RECORDS
P1097,PERSON-097,PRIMARY_OWNER,100,SYNTHETIC DEMO DATA — NOT OFFICIAL GOVERNMENT RECORDS
P1098,PERSON-098,PRIMARY_OWNER,100,SYNTHETIC DEMO DATA — NOT OFFICIAL GOVERNMENT RECORDS
P1099,PERSON-099,PRIMARY_OWNER,100,SYNTHETIC DEMO DATA — NOT OFFICIAL GOVERNMENT RECORDS
P1100,PERSON-100,PRIMARY_OWNER,100,SYNTHETIC DEMO DATA — NOT OFFICIAL GOVERNMENT RECORDS
P1101,PERSON-101,PRIMARY_OWNER,100,SYNTHETIC DEMO DATA — NOT OFFICIAL GOVERNMENT RECORDS
P1102,PERSON-102,PRIMARY_OWNER,100,SYNTHETIC DEMO DATA — NOT OFFICIAL GOVERNMENT RECORDS
P1103,PERSON-103,PRIMARY_OWNER,100,SYNTHETIC DEMO DATA — NOT OFFICIAL GOVERNMENT RECORDS
P1104,PERSON-104,PRIMARY_OWNER,100,SYNTHETIC DEMO DATA — NOT OFFICIAL GOVERNMENT RECORDS
P1105,PERSON-105,PRIMARY_OWNER,100,SYNTHETIC DEMO DATA — NOT OFFICIAL GOVERNMENT RECORDS
P1106,PERSON-106,PRIMARY_OWNER,100,SYNTHETIC DEMO DATA — NOT OFFICIAL GOVERNMENT RECORDS
P1107,PERSON-107,PRIMARY_OWNER,100,SYNTHETIC DEMO DATA — NOT OFFICIAL GOVERNMENT RECORDS
P1108,PERSON-108,PRIMARY_OWNER,100,SYNTHETIC DEMO DATA — NOT OFFICIAL GOVERNMENT RECORDS
P1109,PERSON-109,PRIMARY_OWNER,100,SYNTHETIC DEMO DATA — NOT OFFICIAL GOVERNMENT RECORDS
P1110,PERSON-110,PRIMARY_OWNER,100,SYNTHETIC DEMO DATA — NOT OFFICIAL GOVERNMENT RECORDS
P1111,PERSON-111,PRIMARY_OWNER,100,SYNTHETIC DEMO DATA — NOT OFFICIAL GOVERNMENT RECORDS
P1112,PERSON-112,PRIMARY_OWNER,100,SYNTHETIC DEMO DATA — NOT OFFICIAL GOVERNMENT RECORDS
P1113,PERSON-113,PRIMARY_OWNER,100,SYNTHETIC DEMO DATA — NOT OFFICIAL GOVERNMENT RECORDS
P1114,PERSON-114,PRIMARY_OWNER,100,SYNTHETIC DEMO DATA — NOT OFFICIAL GOVERNMENT RECORDS
P1115,PERSON-115,PRIMARY_OWNER,100,SYNTHETIC DEMO DATA — NOT OFFICIAL GOVERNMENT RECORDS
P1116,PERSON-116,PRIMARY_OWNER,100,SYNTHETIC DEMO DATA — NOT OFFICIAL GOVERNMENT RECORDS
P1117,PERSON-117,PRIMARY_OWNER,100,SYNTHETIC DEMO DATA — NOT OFFICIAL GOVERNMENT RECORDS
P1118,PERSON-118,PRIMARY_OWNER,100,SYNTHETIC DEMO DATA — NOT OFFICIAL GOVERNMENT RECORDS
P1119,PERSON-119,PRIMARY_OWNER,100,SYNTHETIC DEMO DATA — NOT OFFICIAL GOVERNMENT RECORDS
P1120,PERSON-120,PRIMARY_OWNER,100,SYNTHETIC DEMO DATA — NOT OFFICIAL GOVERNMENT RECORDS
P1121,PERSON-121,PRIMARY_OWNER,100,SYNTHETIC DEMO DATA — NOT OFFICIAL GOVERNMENT RECORDS
P1122,PERSON-122,PRIMARY_OWNER,100,SYNTHETIC DEMO DATA — NOT OFFICIAL GOVERNMENT RECORDS
P1123,PERSON-123,PRIMARY_OWNER,100,SYNTHETIC DEMO DATA — NOT OFFICIAL GOVERNMENT RECORDS
P1124,PERSON-124,PRIMARY_OWNER,100,SYNTHETIC DEMO DATA — NOT OFFICIAL GOVERNMENT RECORDS
P1125,PERSON-125,PRIMARY_OWNER,100,SYNTHETIC DEMO DATA — NOT OFFICIAL GOVERNMENT RECORDS
P1126,PERSON-126,PRIMARY_OWNER,100,SYNTHETIC DEMO DATA — NOT OFFICIAL GOVERNMENT RECORDS
P1127,PERSON-127,PRIMARY_OWNER,100,SYNTHETIC DEMO DATA — NOT OFFICIAL GOVERNMENT RECORDS
P1128,PERSON-128,PRIMARY_OWNER,100,SYNTHETIC DEMO DATA — NOT OFFICIAL GOVERNMENT RECORDS
P1129,PERSON-129,PRIMARY_OWNER,100,SYNTHETIC DEMO DATA — NOT OFFICIAL GOVERNMENT RECORDS
P1130,PERSON-130,PRIMARY_OWNER,100,SYNTHETIC DEMO DATA — NOT OFFICIAL GOVERNMENT RECORDS
P1131,PERSON-131,PRIMARY_OWNER,100,SYNTHETIC DEMO DATA — NOT OFFICIAL GOVERNMENT RECORDS
P1132,PERSON-132,PRIMARY_OWNER,100,SYNTHETIC DEMO DATA — NOT OFFICIAL GOVERNMENT RECORDS
P1133,PERSON-133,PRIMARY_OWNER,100,SYNTHETIC DEMO DATA — NOT OFFICIAL GOVERNMENT RECORDS
P1134,PERSON-134,PRIMARY_OWNER,100,SYNTHETIC DEMO DATA — NOT OFFICIAL GOVERNMENT RECORDS
P1135,PERSON-135,PRIMARY_OWNER,100,SYNTHETIC DEMO DATA — NOT OFFICIAL GOVERNMENT RECORDS
P1136,PERSON-136,PRIMARY_OWNER,100,SYNTHETIC DEMO DATA — NOT OFFICIAL GOVERNMENT RECORDS
P1137,PERSON-137,PRIMARY_OWNER,100,SYNTHETIC DEMO DATA — NOT OFFICIAL GOVERNMENT RECORDS
P1138,PERSON-138,PRIMARY_OWNER,100,SYNTHETIC DEMO DATA — NOT OFFICIAL GOVERNMENT RECORDS
P1139,PERSON-139,PRIMARY_OWNER,100,SYNTHETIC DEMO DATA — NOT OFFICIAL GOVERNMENT RECORDS
P1140,PERSON-140,PRIMARY_OWNER,100,SYNTHETIC DEMO DATA — NOT OFFICIAL GOVERNMENT RECORDS
P1141,PERSON-141,PRIMARY_OWNER,100,SYNTHETIC DEMO DATA — NOT OFFICIAL GOVERNMENT RECORDS
P1142,PERSON-142,PRIMARY_OWNER,100,SYNTHETIC DEMO DATA — NOT OFFICIAL GOVERNMENT RECORDS
P1143,PERSON-143,PRIMARY_OWNER,100,SYNTHETIC DEMO DATA — NOT OFFICIAL GOVERNMENT RECORDS
P1144,PERSON-144,PRIMARY_OWNER,100,SYNTHETIC DEMO DATA — NOT OFFICIAL GOVERNMENT RECORDS
P1145,PERSON-145,PRIMARY_OWNER,100,SYNTHETIC DEMO DATA — NOT OFFICIAL GOVERNMENT RECORDS
P1146,PERSON-146,PRIMARY_OWNER,100,SYNTHETIC DEMO DATA — NOT OFFICIAL GOVERNMENT RECORDS
P1147,PERSON-147,PRIMARY_OWNER,100,SYNTHETIC DEMO DATA — NOT OFFICIAL GOVERNMENT RECORDS
P1148,PERSON-148,PRIMARY_OWNER,100,SYNTHETIC DEMO DATA — NOT OFFICIAL GOVERNMENT RECORDS
P1149,PERSON-149,PRIMARY_OWNER,100,SYNTHETIC DEMO DATA — NOT OFFICIAL GOVERNMENT RECORDS
P1150,PERSON-150,PRIMARY_OWNER,100,SYNTHETIC DEMO DATA — NOT OFFICIAL GOVERNMENT RECORDS
P1151,PERSON-151,PRIMARY_OWNER,100,SYNTHETIC DEMO DATA — NOT OFFICIAL GOVERNMENT RECORDS
P1152,PERSON-152,PRIMARY_OWNER,100,SYNTHETIC DEMO DATA — NOT OFFICIAL GOVERNMENT RECORDS
P1153,PERSON-153,PRIMARY_OWNER,100,SYNTHETIC DEMO DATA — NOT OFFICIAL GOVERNMENT RECORDS
P1154,PERSON-154,PRIMARY_OWNER,100,SYNTHETIC DEMO DATA — NOT OFFICIAL GOVERNMENT RECORDS
P1155,PERSON-155,PRIMARY_OWNER,100,SYNTHETIC DEMO DATA — NOT OFFICIAL GOVERNMENT RECORDS
P1156,PERSON-156,PRIMARY_OWNER,100,SYNTHETIC DEMO DATA — NOT OFFICIAL GOVERNMENT RECORDS
P1157,PERSON-157,PRIMARY_OWNER,100,SYNTHETIC DEMO DATA — NOT OFFICIAL GOVERNMENT RECORDS
P1158,PERSON-158,PRIMARY_OWNER,100,SYNTHETIC DEMO DATA — NOT OFFICIAL GOVERNMENT RECORDS
P1159,PERSON-159,PRIMARY_OWNER,100,SYNTHETIC DEMO DATA — NOT OFFICIAL GOVERNMENT RECORDS
P1160,PERSON-160,PRIMARY_OWNER,100,SYNTHETIC DEMO DATA — NOT OFFICIAL GOVERNMENT RECORDS
P1161,PERSON-161,PRIMARY_OWNER,100,SYNTHETIC DEMO DATA — NOT OFFICIAL GOVERNMENT RECORDS
P1162,PERSON-162,PRIMARY_OWNER,100,SYNTHETIC DEMO DATA — NOT OFFICIAL GOVERNMENT RECORDS
P1163,PERSON-163,PRIMARY_OWNER,100,SYNTHETIC DEMO DATA — NOT OFFICIAL GOVERNMENT RECORDS
P1164,PERSON-164,PRIMARY_OWNER,100,SYNTHETIC DEMO DATA — NOT OFFICIAL GOVERNMENT RECORDS
P1165,PERSON-165,PRIMARY_OWNER,100,SYNTHETIC DEMO DATA — NOT OFFICIAL GOVERNMENT RECORDS
P1166,PERSON-166,PRIMARY_OWNER,100,SYNTHETIC DEMO DATA — NOT OFFICIAL GOVERNMENT RECORDS
P1167,PERSON-167,PRIMARY_OWNER,100,SYNTHETIC DEMO DATA — NOT OFFICIAL GOVERNMENT RECORDS
P1168,PERSON-168,PRIMARY_OWNER,100,SYNTHETIC DEMO DATA — NOT OFFICIAL GOVERNMENT RECORDS
P1169,PERSON-169,PRIMARY_OWNER,100,SYNTHETIC DEMO DATA — NOT OFFICIAL GOVERNMENT RECORDS
P1170,PERSON-170,PRIMARY_OWNER,100,SYNTHETIC DEMO DATA — NOT OFFICIAL GOVERNMENT RECORDS
P1171,PERSON-171,PRIMARY_OWNER,100,SYNTHETIC DEMO DATA — NOT OFFICIAL GOVERNMENT RECORDS
P1172,PERSON-172,PRIMARY_OWNER,100,SYNTHETIC DEMO DATA — NOT OFFICIAL GOVERNMENT RECORDS
P1173,PERSON-173,PRIMARY_OWNER,100,SYNTHETIC DEMO DATA — NOT OFFICIAL GOVERNMENT RECORDS
P1174,PERSON-174,PRIMARY_OWNER,100,SYNTHETIC DEMO DATA — NOT OFFICIAL GOVERNMENT RECORDS
P1175,PERSON-175,PRIMARY_OWNER,100,SYNTHETIC DEMO DATA — NOT OFFICIAL GOVERNMENT RECORDS
P1176,PERSON-176,PRIMARY_OWNER,100,SYNTHETIC DEMO DATA — NOT OFFICIAL GOVERNMENT RECORDS
P1177,PERSON-177,PRIMARY_OWNER,100,SYNTHETIC DEMO DATA — NOT OFFICIAL GOVERNMENT RECORDS
P1178,PERSON-178,PRIMARY_OWNER,100,SYNTHETIC DEMO DATA — NOT OFFICIAL GOVERNMENT RECORDS
P1179,PERSON-179,PRIMARY_OWNER,100,SYNTHETIC DEMO DATA — NOT OFFICIAL GOVERNMENT RECORDS
P1180,PERSON-180,PRIMARY_OWNER,100,SYNTHETIC DEMO DATA — NOT OFFICIAL GOVERNMENT RECORDS
P1181,PERSON-181,PRIMARY_OWNER,100,SYNTHETIC DEMO DATA — NOT OFFICIAL GOVERNMENT RECORDS
P1182,PERSON-182,PRIMARY_OWNER,100,SYNTHETIC DEMO DATA — NOT OFFICIAL GOVERNMENT RECORDS
P1183,PERSON-183,PRIMARY_OWNER,100,SYNTHETIC DEMO DATA — NOT OFFICIAL GOVERNMENT RECORDS
P1184,PERSON-184,PRIMARY_OWNER,100,SYNTHETIC DEMO DATA — NOT OFFICIAL GOVERNMENT RECORDS
P1185,PERSON-185,PRIMARY_OWNER,100,SYNTHETIC DEMO DATA — NOT OFFICIAL GOVERNMENT RECORDS
P1186,PERSON-186,PRIMARY_OWNER,100,SYNTHETIC DEMO DATA — NOT OFFICIAL GOVERNMENT RECORDS
P1187,PERSON-187,PRIMARY_OWNER,100,SYNTHETIC DEMO DATA — NOT OFFICIAL GOVERNMENT RECORDS
P1188,PERSON-188,PRIMARY_OWNER,100,SYNTHETIC DEMO DATA — NOT OFFICIAL GOVERNMENT RECORDS
P1189,PERSON-189,PRIMARY_OWNER,100,SYNTHETIC DEMO DATA — NOT OFFICIAL GOVERNMENT RECORDS
P1190,PERSON-190,PRIMARY_OWNER,100,SYNTHETIC DEMO DATA — NOT OFFICIAL GOVERNMENT RECORDS
P1191,PERSON-191,PRIMARY_OWNER,100,SYNTHETIC DEMO DATA — NOT OFFICIAL GOVERNMENT RECORDS
P1192,PERSON-192,PRIMARY_OWNER,100,SYNTHETIC DEMO DATA — NOT OFFICIAL GOVERNMENT RECORDS
P1193,PERSON-193,PRIMARY_OWNER,100,SYNTHETIC DEMO DATA — NOT OFFICIAL GOVERNMENT RECORDS
P1194,PERSON-194,PRIMARY_OWNER,100,SYNTHETIC DEMO DATA — NOT OFFICIAL GOVERNMENT RECORDS
P1195,PERSON-195,PRIMARY_OWNER,100,SYNTHETIC DEMO DATA — NOT OFFICIAL GOVERNMENT RECORDS
P1196,PERSON-196,PRIMARY_OWNER,100,SYNTHETIC DEMO DATA — NOT OFFICIAL GOVERNMENT RECORDS
P1197,PERSON-197,PRIMARY_OWNER,100,SYNTHETIC DEMO DATA — NOT OFFICIAL GOVERNMENT RECORDS
P1198,PERSON-198,PRIMARY_OWNER,100,SYNTHETIC DEMO DATA — NOT OFFICIAL GOVERNMENT RECORDS
P1199,PERSON-199,PRIMARY_OWNER,100,SYNTHETIC DEMO DATA — NOT OFFICIAL GOVERNMENT RECORDS
P1200,PERSON-200,PRIMARY_OWNER,100,SYNTHETIC DEMO DATA — NOT OFFICIAL GOVERNMENT RECORDS
P1201,PERSON-001,PRIMARY_OWNER,100,SYNTHETIC DEMO DATA — NOT OFFICIAL GOVERNMENT RECORDS
P1202,PERSON-002,PRIMARY_OWNER,100,SYNTHETIC DEMO DATA — NOT OFFICIAL GOVERNMENT RECORDS
P1203,PERSON-003,PRIMARY_OWNER,100,SYNTHETIC DEMO DATA — NOT OFFICIAL GOVERNMENT RECORDS
P1204,PERSON-004,PRIMARY_OWNER,100,SYNTHETIC DEMO DATA — NOT OFFICIAL GOVERNMENT RECORDS
P1205,PERSON-005,PRIMARY_OWNER,100,SYNTHETIC DEMO DATA — NOT OFFICIAL GOVERNMENT RECORDS
P1206,PERSON-006,PRIMARY_OWNER,100,SYNTHETIC DEMO DATA — NOT OFFICIAL GOVERNMENT RECORDS
P1207,PERSON-007,PRIMARY_OWNER,100,SYNTHETIC DEMO DATA — NOT OFFICIAL GOVERNMENT RECORDS
P1208,PERSON-008,PRIMARY_OWNER,100,SYNTHETIC DEMO DATA — NOT OFFICIAL GOVERNMENT RECORDS
P1209,PERSON-009,PRIMARY_OWNER,100,SYNTHETIC DEMO DATA — NOT OFFICIAL GOVERNMENT RECORDS
P1210,PERSON-010,PRIMARY_OWNER,100,SYNTHETIC DEMO DATA — NOT OFFICIAL GOVERNMENT RECORDS
P1211,PERSON-011,PRIMARY_OWNER,100,SYNTHETIC DEMO DATA — NOT OFFICIAL GOVERNMENT RECORDS
P1212,PERSON-012,PRIMARY_OWNER,100,SYNTHETIC DEMO DATA — NOT OFFICIAL GOVERNMENT RECORDS
P1213,PERSON-013,PRIMARY_OWNER,100,SYNTHETIC DEMO DATA — NOT OFFICIAL GOVERNMENT RECORDS
P1214,PERSON-014,PRIMARY_OWNER,100,SYNTHETIC DEMO DATA — NOT OFFICIAL GOVERNMENT RECORDS
P1215,PERSON-015,PRIMARY_OWNER,100,SYNTHETIC DEMO DATA — NOT OFFICIAL GOVERNMENT RECORDS
P1216,PERSON-016,PRIMARY_OWNER,100,SYNTHETIC DEMO DATA — NOT OFFICIAL GOVERNMENT RECORDS
P1217,PERSON-017,PRIMARY_OWNER,100,SYNTHETIC DEMO DATA — NOT OFFICIAL GOVERNMENT RECORDS
P1218,PERSON-018,PRIMARY_OWNER,100,SYNTHETIC DEMO DATA — NOT OFFICIAL GOVERNMENT RECORDS
P1219,PERSON-019,PRIMARY_OWNER,100,SYNTHETIC DEMO DATA — NOT OFFICIAL GOVERNMENT RECORDS
P1220,PERSON-020,PRIMARY_OWNER,100,SYNTHETIC DEMO DATA — NOT OFFICIAL GOVERNMENT RECORDS
P1221,PERSON-021,PRIMARY_OWNER,100,SYNTHETIC DEMO DATA — NOT OFFICIAL GOVERNMENT RECORDS
P1222,PERSON-022,PRIMARY_OWNER,100,SYNTHETIC DEMO DATA — NOT OFFICIAL GOVERNMENT RECORDS
P1223,PERSON-023,PRIMARY_OWNER,100,SYNTHETIC DEMO DATA — NOT OFFICIAL GOVERNMENT RECORDS
P1224,PERSON-024,PRIMARY_OWNER,100,SYNTHETIC DEMO DATA — NOT OFFICIAL GOVERNMENT RECORDS
P1225,PERSON-025,PRIMARY_OWNER,100,SYNTHETIC DEMO DATA — NOT OFFICIAL GOVERNMENT RECORDS
P1226,PERSON-026,PRIMARY_OWNER,100,SYNTHETIC DEMO DATA — NOT OFFICIAL GOVERNMENT RECORDS
P1227,PERSON-027,PRIMARY_OWNER,100,SYNTHETIC DEMO DATA — NOT OFFICIAL GOVERNMENT RECORDS
P1228,PERSON-028,PRIMARY_OWNER,100,SYNTHETIC DEMO DATA — NOT OFFICIAL GOVERNMENT RECORDS
P1229,PERSON-029,PRIMARY_OWNER,100,SYNTHETIC DEMO DATA — NOT OFFICIAL GOVERNMENT RECORDS
P1230,PERSON-030,PRIMARY_OWNER,100,SYNTHETIC DEMO DATA — NOT OFFICIAL GOVERNMENT RECORDS
P1231,PERSON-031,PRIMARY_OWNER,100,SYNTHETIC DEMO DATA — NOT OFFICIAL GOVERNMENT RECORDS
P1232,PERSON-032,PRIMARY_OWNER,100,SYNTHETIC DEMO DATA — NOT OFFICIAL GOVERNMENT RECORDS
P1233,PERSON-033,PRIMARY_OWNER,100,SYNTHETIC DEMO DATA — NOT OFFICIAL GOVERNMENT RECORDS
P1234,PERSON-034,PRIMARY_OWNER,100,SYNTHETIC DEMO DATA — NOT OFFICIAL GOVERNMENT RECORDS
P1235,PERSON-035,PRIMARY_OWNER,100,SYNTHETIC DEMO DATA — NOT OFFICIAL GOVERNMENT RECORDS
P1236,PERSON-036,PRIMARY_OWNER,100,SYNTHETIC DEMO DATA — NOT OFFICIAL GOVERNMENT RECORDS
P1237,PERSON-037,PRIMARY_OWNER,100,SYNTHETIC DEMO DATA — NOT OFFICIAL GOVERNMENT RECORDS
P1238,PERSON-038,PRIMARY_OWNER,100,SYNTHETIC DEMO DATA — NOT OFFICIAL GOVERNMENT RECORDS
P1239,PERSON-039,PRIMARY_OWNER,100,SYNTHETIC DEMO DATA — NOT OFFICIAL GOVERNMENT RECORDS
P1240,PERSON-040,PRIMARY_OWNER,100,SYNTHETIC DEMO DATA — NOT OFFICIAL GOVERNMENT RECORDS
P1241,PERSON-041,PRIMARY_OWNER,100,SYNTHETIC DEMO DATA — NOT OFFICIAL GOVERNMENT RECORDS
P1242,PERSON-042,PRIMARY_OWNER,100,SYNTHETIC DEMO DATA — NOT OFFICIAL GOVERNMENT RECORDS
P1243,PERSON-043,PRIMARY_OWNER,100,SYNTHETIC DEMO DATA — NOT OFFICIAL GOVERNMENT RECORDS
P1244,PERSON-044,PRIMARY_OWNER,100,SYNTHETIC DEMO DATA — NOT OFFICIAL GOVERNMENT RECORDS
P1245,PERSON-045,PRIMARY_OWNER,100,SYNTHETIC DEMO DATA — NOT OFFICIAL GOVERNMENT RECORDS
P1246,PERSON-046,PRIMARY_OWNER,100,SYNTHETIC DEMO DATA — NOT OFFICIAL GOVERNMENT RECORDS
P1247,PERSON-047,PRIMARY_OWNER,100,SYNTHETIC DEMO DATA — NOT OFFICIAL GOVERNMENT RECORDS
P1248,PERSON-048,PRIMARY_OWNER,100,SYNTHETIC DEMO DATA — NOT OFFICIAL GOVERNMENT RECORDS
P1249,PERSON-049,PRIMARY_OWNER,100,SYNTHETIC DEMO DATA — NOT OFFICIAL GOVERNMENT RECORDS
P1250,PERSON-050,PRIMARY_OWNER,100,SYNTHETIC DEMO DATA — NOT OFFICIAL GOVERNMENT RECORDS
P1251,PERSON-051,PRIMARY_OWNER,100,SYNTHETIC DEMO DATA — NOT OFFICIAL GOVERNMENT RECORDS
P1252,PERSON-052,PRIMARY_OWNER,100,SYNTHETIC DEMO DATA — NOT OFFICIAL GOVERNMENT RECORDS
P1253,PERSON-053,PRIMARY_OWNER,100,SYNTHETIC DEMO DATA — NOT OFFICIAL GOVERNMENT RECORDS
P1254,PERSON-054,PRIMARY_OWNER,100,SYNTHETIC DEMO DATA — NOT OFFICIAL GOVERNMENT RECORDS
P1255,PERSON-055,PRIMARY_OWNER,100,SYNTHETIC DEMO DATA — NOT OFFICIAL GOVERNMENT RECORDS
P1256,PERSON-056,PRIMARY_OWNER,100,SYNTHETIC DEMO DATA — NOT OFFICIAL GOVERNMENT RECORDS
P1257,PERSON-057,PRIMARY_OWNER,100,SYNTHETIC DEMO DATA — NOT OFFICIAL GOVERNMENT RECORDS
P1258,PERSON-058,PRIMARY_OWNER,100,SYNTHETIC DEMO DATA — NOT OFFICIAL GOVERNMENT RECORDS
P1259,PERSON-059,PRIMARY_OWNER,100,SYNTHETIC DEMO DATA — NOT OFFICIAL GOVERNMENT RECORDS
P1260,PERSON-060,PRIMARY_OWNER,100,SYNTHETIC DEMO DATA — NOT OFFICIAL GOVERNMENT RECORDS
P1261,PERSON-061,PRIMARY_OWNER,100,SYNTHETIC DEMO DATA — NOT OFFICIAL GOVERNMENT RECORDS
P1262,PERSON-062,PRIMARY_OWNER,100,SYNTHETIC DEMO DATA — NOT OFFICIAL GOVERNMENT RECORDS
P1263,PERSON-063,PRIMARY_OWNER,100,SYNTHETIC DEMO DATA — NOT OFFICIAL GOVERNMENT RECORDS
P1264,PERSON-064,PRIMARY_OWNER,100,SYNTHETIC DEMO DATA — NOT OFFICIAL GOVERNMENT RECORDS
P1265,PERSON-065,PRIMARY_OWNER,100,SYNTHETIC DEMO DATA — NOT OFFICIAL GOVERNMENT RECORDS
P1266,PERSON-066,PRIMARY_OWNER,100,SYNTHETIC DEMO DATA — NOT OFFICIAL GOVERNMENT RECORDS
P1267,PERSON-067,PRIMARY_OWNER,100,SYNTHETIC DEMO DATA — NOT OFFICIAL GOVERNMENT RECORDS
P1268,PERSON-068,PRIMARY_OWNER,100,SYNTHETIC DEMO DATA — NOT OFFICIAL GOVERNMENT RECORDS
P1269,PERSON-069,PRIMARY_OWNER,100,SYNTHETIC DEMO DATA — NOT OFFICIAL GOVERNMENT RECORDS
P1270,PERSON-070,PRIMARY_OWNER,100,SYNTHETIC DEMO DATA — NOT OFFICIAL GOVERNMENT RECORDS
P1271,PERSON-071,PRIMARY_OWNER,100,SYNTHETIC DEMO DATA — NOT OFFICIAL GOVERNMENT RECORDS
P1272,PERSON-072,PRIMARY_OWNER,100,SYNTHETIC DEMO DATA — NOT OFFICIAL GOVERNMENT RECORDS
P1273,PERSON-073,PRIMARY_OWNER,100,SYNTHETIC DEMO DATA — NOT OFFICIAL GOVERNMENT RECORDS
P1274,PERSON-074,PRIMARY_OWNER,100,SYNTHETIC DEMO DATA — NOT OFFICIAL GOVERNMENT RECORDS
P1275,PERSON-075,PRIMARY_OWNER,100,SYNTHETIC DEMO DATA — NOT OFFICIAL GOVERNMENT RECORDS
P1276,PERSON-076,PRIMARY_OWNER,100,SYNTHETIC DEMO DATA — NOT OFFICIAL GOVERNMENT RECORDS
P1277,PERSON-077,PRIMARY_OWNER,100,SYNTHETIC DEMO DATA — NOT OFFICIAL GOVERNMENT RECORDS
P1278,PERSON-078,PRIMARY_OWNER,100,SYNTHETIC DEMO DATA — NOT OFFICIAL GOVERNMENT RECORDS
P1279,PERSON-079,PRIMARY_OWNER,100,SYNTHETIC DEMO DATA — NOT OFFICIAL GOVERNMENT RECORDS
P1280,PERSON-080,PRIMARY_OWNER,100,SYNTHETIC DEMO DATA — NOT OFFICIAL GOVERNMENT RECORDS
P1281,PERSON-081,PRIMARY_OWNER,100,SYNTHETIC DEMO DATA — NOT OFFICIAL GOVERNMENT RECORDS
P1282,PERSON-082,PRIMARY_OWNER,100,SYNTHETIC DEMO DATA — NOT OFFICIAL GOVERNMENT RECORDS
P1283,PERSON-083,PRIMARY_OWNER,100,SYNTHETIC DEMO DATA — NOT OFFICIAL GOVERNMENT RECORDS
P1284,PERSON-084,PRIMARY_OWNER,100,SYNTHETIC DEMO DATA — NOT OFFICIAL GOVERNMENT RECORDS
P1285,PERSON-085,PRIMARY_OWNER,100,SYNTHETIC DEMO DATA — NOT OFFICIAL GOVERNMENT RECORDS
P1286,PERSON-086,PRIMARY_OWNER,100,SYNTHETIC DEMO DATA — NOT OFFICIAL GOVERNMENT RECORDS
P1287,PERSON-087,PRIMARY_OWNER,100,SYNTHETIC DEMO DATA — NOT OFFICIAL GOVERNMENT RECORDS
P1288,PERSON-088,PRIMARY_OWNER,100,SYNTHETIC DEMO DATA — NOT OFFICIAL GOVERNMENT RECORDS
P1289,PERSON-089,PRIMARY_OWNER,100,SYNTHETIC DEMO DATA — NOT OFFICIAL GOVERNMENT RECORDS
P1290,PERSON-090,PRIMARY_OWNER,100,SYNTHETIC DEMO DATA — NOT OFFICIAL GOVERNMENT RECORDS
P1291,PERSON-091,PRIMARY_OWNER,100,SYNTHETIC DEMO DATA — NOT OFFICIAL GOVERNMENT RECORDS
P1292,PERSON-092,PRIMARY_OWNER,100,SYNTHETIC DEMO DATA — NOT OFFICIAL GOVERNMENT RECORDS
P1293,PERSON-093,PRIMARY_OWNER,100,SYNTHETIC DEMO DATA — NOT OFFICIAL GOVERNMENT RECORDS
P1294,PERSON-094,PRIMARY_OWNER,100,SYNTHETIC DEMO DATA — NOT OFFICIAL GOVERNMENT RECORDS
P1295,PERSON-095,PRIMARY_OWNER,100,SYNTHETIC DEMO DATA — NOT OFFICIAL GOVERNMENT RECORDS
P1296,PERSON-096,PRIMARY_OWNER,100,SYNTHETIC DEMO DATA — NOT OFFICIAL GOVERNMENT RECORDS
P1297,PERSON-097,PRIMARY_OWNER,100,SYNTHETIC DEMO DATA — NOT OFFICIAL GOVERNMENT RECORDS
P1298,PERSON-098,PRIMARY_OWNER,100,SYNTHETIC DEMO DATA — NOT OFFICIAL GOVERNMENT RECORDS
P1299,PERSON-099,PRIMARY_OWNER,100,SYNTHETIC DEMO DATA — NOT OFFICIAL GOVERNMENT RECORDS
P1300,PERSON-100,PRIMARY_OWNER,100,SYNTHETIC DEMO DATA — NOT OFFICIAL GOVERNMENT RECORDS
P1301,PERSON-101,PRIMARY_OWNER,100,SYNTHETIC DEMO DATA — NOT OFFICIAL GOVERNMENT RECORDS
P1302,PERSON-102,PRIMARY_OWNER,100,SYNTHETIC DEMO DATA — NOT OFFICIAL GOVERNMENT RECORDS
P1303,PERSON-103,PRIMARY_OWNER,100,SYNTHETIC DEMO DATA — NOT OFFICIAL GOVERNMENT RECORDS
P1304,PERSON-104,PRIMARY_OWNER,100,SYNTHETIC DEMO DATA — NOT OFFICIAL GOVERNMENT RECORDS
P1305,PERSON-105,PRIMARY_OWNER,100,SYNTHETIC DEMO DATA — NOT OFFICIAL GOVERNMENT RECORDS
P1306,PERSON-106,PRIMARY_OWNER,100,SYNTHETIC DEMO DATA — NOT OFFICIAL GOVERNMENT RECORDS
P1307,PERSON-107,PRIMARY_OWNER,100,SYNTHETIC DEMO DATA — NOT OFFICIAL GOVERNMENT RECORDS
P1308,PERSON-108,PRIMARY_OWNER,100,SYNTHETIC DEMO DATA — NOT OFFICIAL GOVERNMENT RECORDS
P1309,PERSON-109,PRIMARY_OWNER,100,SYNTHETIC DEMO DATA — NOT OFFICIAL GOVERNMENT RECORDS
P1310,PERSON-110,PRIMARY_OWNER,100,SYNTHETIC DEMO DATA — NOT OFFICIAL GOVERNMENT RECORDS
P1311,PERSON-111,PRIMARY_OWNER,100,SYNTHETIC DEMO DATA — NOT OFFICIAL GOVERNMENT RECORDS
P1312,PERSON-112,PRIMARY_OWNER,100,SYNTHETIC DEMO DATA — NOT OFFICIAL GOVERNMENT RECORDS
P1313,PERSON-113,PRIMARY_OWNER,100,SYNTHETIC DEMO DATA — NOT OFFICIAL GOVERNMENT RECORDS
P1314,PERSON-114,PRIMARY_OWNER,100,SYNTHETIC DEMO DATA — NOT OFFICIAL GOVERNMENT RECORDS
P1315,PERSON-115,PRIMARY_OWNER,100,SYNTHETIC DEMO DATA — NOT OFFICIAL GOVERNMENT RECORDS
P1316,PERSON-116,PRIMARY_OWNER,100,SYNTHETIC DEMO DATA — NOT OFFICIAL GOVERNMENT RECORDS
P1317,PERSON-117,PRIMARY_OWNER,100,SYNTHETIC DEMO DATA — NOT OFFICIAL GOVERNMENT RECORDS
P1318,PERSON-118,PRIMARY_OWNER,100,SYNTHETIC DEMO DATA — NOT OFFICIAL GOVERNMENT RECORDS
P1319,PERSON-119,PRIMARY_OWNER,100,SYNTHETIC DEMO DATA — NOT OFFICIAL GOVERNMENT RECORDS
P1320,PERSON-120,PRIMARY_OWNER,100,SYNTHETIC DEMO DATA — NOT OFFICIAL GOVERNMENT RECORDS
P1321,PERSON-121,PRIMARY_OWNER,100,SYNTHETIC DEMO DATA — NOT OFFICIAL GOVERNMENT RECORDS
P1322,PERSON-122,PRIMARY_OWNER,100,SYNTHETIC DEMO DATA — NOT OFFICIAL GOVERNMENT RECORDS
P1323,PERSON-123,PRIMARY_OWNER,100,SYNTHETIC DEMO DATA — NOT OFFICIAL GOVERNMENT RECORDS
P1324,PERSON-124,PRIMARY_OWNER,100,SYNTHETIC DEMO DATA — NOT OFFICIAL GOVERNMENT RECORDS
P1325,PERSON-125,PRIMARY_OWNER,100,SYNTHETIC DEMO DATA — NOT OFFICIAL GOVERNMENT RECORDS
P1326,PERSON-126,PRIMARY_OWNER,100,SYNTHETIC DEMO DATA — NOT OFFICIAL GOVERNMENT RECORDS
P1327,PERSON-127,PRIMARY_OWNER,100,SYNTHETIC DEMO DATA — NOT OFFICIAL GOVERNMENT RECORDS
P1328,PERSON-128,PRIMARY_OWNER,100,SYNTHETIC DEMO DATA — NOT OFFICIAL GOVERNMENT RECORDS
P1329,PERSON-129,PRIMARY_OWNER,100,SYNTHETIC DEMO DATA — NOT OFFICIAL GOVERNMENT RECORDS
P1330,PERSON-130,PRIMARY_OWNER,100,SYNTHETIC DEMO DATA — NOT OFFICIAL GOVERNMENT RECORDS
P1331,PERSON-131,PRIMARY_OWNER,100,SYNTHETIC DEMO DATA — NOT OFFICIAL GOVERNMENT RECORDS
P1332,PERSON-132,PRIMARY_OWNER,100,SYNTHETIC DEMO DATA — NOT OFFICIAL GOVERNMENT RECORDS
P1333,PERSON-133,PRIMARY_OWNER,100,SYNTHETIC DEMO DATA — NOT OFFICIAL GOVERNMENT RECORDS
P1334,PERSON-134,PRIMARY_OWNER,100,SYNTHETIC DEMO DATA — NOT OFFICIAL GOVERNMENT RECORDS
P1335,PERSON-135,PRIMARY_OWNER,100,SYNTHETIC DEMO DATA — NOT OFFICIAL GOVERNMENT RECORDS
P1336,PERSON-136,PRIMARY_OWNER,100,SYNTHETIC DEMO DATA — NOT OFFICIAL GOVERNMENT RECORDS
P1337,PERSON-137,PRIMARY_OWNER,100,SYNTHETIC DEMO DATA — NOT OFFICIAL GOVERNMENT RECORDS
P1338,PERSON-138,PRIMARY_OWNER,100,SYNTHETIC DEMO DATA — NOT OFFICIAL GOVERNMENT RECORDS
P1339,PERSON-139,PRIMARY_OWNER,100,SYNTHETIC DEMO DATA — NOT OFFICIAL GOVERNMENT RECORDS
P1340,PERSON-140,PRIMARY_OWNER,100,SYNTHETIC DEMO DATA — NOT OFFICIAL GOVERNMENT RECORDS
P1341,PERSON-141,PRIMARY_OWNER,100,SYNTHETIC DEMO DATA — NOT OFFICIAL GOVERNMENT RECORDS
P1342,PERSON-142,PRIMARY_OWNER,100,SYNTHETIC DEMO DATA — NOT OFFICIAL GOVERNMENT RECORDS
P1343,PERSON-143,PRIMARY_OWNER,100,SYNTHETIC DEMO DATA — NOT OFFICIAL GOVERNMENT RECORDS
P1344,PERSON-144,PRIMARY_OWNER,100,SYNTHETIC DEMO DATA — NOT OFFICIAL GOVERNMENT RECORDS
P1345,PERSON-145,PRIMARY_OWNER,100,SYNTHETIC DEMO DATA — NOT OFFICIAL GOVERNMENT RECORDS
P1346,PERSON-146,PRIMARY_OWNER,100,SYNTHETIC DEMO DATA — NOT OFFICIAL GOVERNMENT RECORDS
P1347,PERSON-147,PRIMARY_OWNER,100,SYNTHETIC DEMO DATA — NOT OFFICIAL GOVERNMENT RECORDS
P1348,PERSON-148,PRIMARY_OWNER,100,SYNTHETIC DEMO DATA — NOT OFFICIAL GOVERNMENT RECORDS
P1349,PERSON-149,PRIMARY_OWNER,100,SYNTHETIC DEMO DATA — NOT OFFICIAL GOVERNMENT RECORDS
P1350,PERSON-150,PRIMARY_OWNER,100,SYNTHETIC DEMO DATA — NOT OFFICIAL GOVERNMENT RECORDS
P1351,PERSON-151,PRIMARY_OWNER,100,SYNTHETIC DEMO DATA — NOT OFFICIAL GOVERNMENT RECORDS
P1352,PERSON-152,PRIMARY_OWNER,100,SYNTHETIC DEMO DATA — NOT OFFICIAL GOVERNMENT RECORDS
P1353,PERSON-153,PRIMARY_OWNER,100,SYNTHETIC DEMO DATA — NOT OFFICIAL GOVERNMENT RECORDS
P1354,PERSON-154,PRIMARY_OWNER,100,SYNTHETIC DEMO DATA — NOT OFFICIAL GOVERNMENT RECORDS
P1355,PERSON-155,PRIMARY_OWNER,100,SYNTHETIC DEMO DATA — NOT OFFICIAL GOVERNMENT RECORDS
P1356,PERSON-156,PRIMARY_OWNER,100,SYNTHETIC DEMO DATA — NOT OFFICIAL GOVERNMENT RECORDS
P1357,PERSON-157,PRIMARY_OWNER,100,SYNTHETIC DEMO DATA — NOT OFFICIAL GOVERNMENT RECORDS
P1358,PERSON-158,PRIMARY_OWNER,100,SYNTHETIC DEMO DATA — NOT OFFICIAL GOVERNMENT RECORDS
P1359,PERSON-159,PRIMARY_OWNER,100,SYNTHETIC DEMO DATA — NOT OFFICIAL GOVERNMENT RECORDS
P1360,PERSON-160,PRIMARY_OWNER,100,SYNTHETIC DEMO DATA — NOT OFFICIAL GOVERNMENT RECORDS
P1361,PERSON-161,PRIMARY_OWNER,100,SYNTHETIC DEMO DATA — NOT OFFICIAL GOVERNMENT RECORDS
P1362,PERSON-162,PRIMARY_OWNER,100,SYNTHETIC DEMO DATA — NOT OFFICIAL GOVERNMENT RECORDS
P1363,PERSON-163,PRIMARY_OWNER,100,SYNTHETIC DEMO DATA — NOT OFFICIAL GOVERNMENT RECORDS
P1364,PERSON-164,PRIMARY_OWNER,100,SYNTHETIC DEMO DATA — NOT OFFICIAL GOVERNMENT RECORDS
P1365,PERSON-165,PRIMARY_OWNER,100,SYNTHETIC DEMO DATA — NOT OFFICIAL GOVERNMENT RECORDS
P1366,PERSON-166,PRIMARY_OWNER,100,SYNTHETIC DEMO DATA — NOT OFFICIAL GOVERNMENT RECORDS
P1367,PERSON-167,PRIMARY_OWNER,100,SYNTHETIC DEMO DATA — NOT OFFICIAL GOVERNMENT RECORDS
P1368,PERSON-168,PRIMARY_OWNER,100,SYNTHETIC DEMO DATA — NOT OFFICIAL GOVERNMENT RECORDS
P1369,PERSON-169,PRIMARY_OWNER,100,SYNTHETIC DEMO DATA — NOT OFFICIAL GOVERNMENT RECORDS
P1370,PERSON-170,PRIMARY_OWNER,100,SYNTHETIC DEMO DATA — NOT OFFICIAL GOVERNMENT RECORDS
P1371,PERSON-171,PRIMARY_OWNER,100,SYNTHETIC DEMO DATA — NOT OFFICIAL GOVERNMENT RECORDS
P1372,PERSON-172,PRIMARY_OWNER,100,SYNTHETIC DEMO DATA — NOT OFFICIAL GOVERNMENT RECORDS
P1373,PERSON-173,PRIMARY_OWNER,100,SYNTHETIC DEMO DATA — NOT OFFICIAL GOVERNMENT RECORDS
P1374,PERSON-174,PRIMARY_OWNER,100,SYNTHETIC DEMO DATA — NOT OFFICIAL GOVERNMENT RECORDS
P1375,PERSON-175,PRIMARY_OWNER,100,SYNTHETIC DEMO DATA — NOT OFFICIAL GOVERNMENT RECORDS
P1376,PERSON-176,PRIMARY_OWNER,100,SYNTHETIC DEMO DATA — NOT OFFICIAL GOVERNMENT RECORDS
P1377,PERSON-177,PRIMARY_OWNER,100,SYNTHETIC DEMO DATA — NOT OFFICIAL GOVERNMENT RECORDS
P1378,PERSON-178,PRIMARY_OWNER,100,SYNTHETIC DEMO DATA — NOT OFFICIAL GOVERNMENT RECORDS
P1379,PERSON-179,PRIMARY_OWNER,100,SYNTHETIC DEMO DATA — NOT OFFICIAL GOVERNMENT RECORDS
P1380,PERSON-180,PRIMARY_OWNER,100,SYNTHETIC DEMO DATA — NOT OFFICIAL GOVERNMENT RECORDS
P1381,PERSON-181,PRIMARY_OWNER,100,SYNTHETIC DEMO DATA — NOT OFFICIAL GOVERNMENT RECORDS
P1382,PERSON-182,PRIMARY_OWNER,100,SYNTHETIC DEMO DATA — NOT OFFICIAL GOVERNMENT RECORDS
P1383,PERSON-183,PRIMARY_OWNER,100,SYNTHETIC DEMO DATA — NOT OFFICIAL GOVERNMENT RECORDS
P1384,PERSON-184,PRIMARY_OWNER,100,SYNTHETIC DEMO DATA — NOT OFFICIAL GOVERNMENT RECORDS
P1385,PERSON-185,PRIMARY_OWNER,100,SYNTHETIC DEMO DATA — NOT OFFICIAL GOVERNMENT RECORDS
P1386,PERSON-186,PRIMARY_OWNER,100,SYNTHETIC DEMO DATA — NOT OFFICIAL GOVERNMENT RECORDS
P1387,PERSON-187,PRIMARY_OWNER,100,SYNTHETIC DEMO DATA — NOT OFFICIAL GOVERNMENT RECORDS
P1388,PERSON-188,PRIMARY_OWNER,100,SYNTHETIC DEMO DATA — NOT OFFICIAL GOVERNMENT RECORDS
P1389,PERSON-189,PRIMARY_OWNER,100,SYNTHETIC DEMO DATA — NOT OFFICIAL GOVERNMENT RECORDS
P1390,PERSON-190,PRIMARY_OWNER,100,SYNTHETIC DEMO DATA — NOT OFFICIAL GOVERNMENT RECORDS
P1391,PERSON-191,PRIMARY_OWNER,100,SYNTHETIC DEMO DATA — NOT OFFICIAL GOVERNMENT RECORDS
P1392,PERSON-192,PRIMARY_OWNER,100,SYNTHETIC DEMO DATA — NOT OFFICIAL GOVERNMENT RECORDS
P1393,PERSON-193,PRIMARY_OWNER,100,SYNTHETIC DEMO DATA — NOT OFFICIAL GOVERNMENT RECORDS
P1394,PERSON-194,PRIMARY_OWNER,100,SYNTHETIC DEMO DATA — NOT OFFICIAL GOVERNMENT RECORDS
P1395,PERSON-195,PRIMARY_OWNER,100,SYNTHETIC DEMO DATA — NOT OFFICIAL GOVERNMENT RECORDS
P1396,PERSON-196,PRIMARY_OWNER,100,SYNTHETIC DEMO DATA — NOT OFFICIAL GOVERNMENT RECORDS
P1397,PERSON-197,PRIMARY_OWNER,100,SYNTHETIC DEMO DATA — NOT OFFICIAL GOVERNMENT RECORDS
P1398,PERSON-198,PRIMARY_OWNER,100,SYNTHETIC DEMO DATA — NOT OFFICIAL GOVERNMENT RECORDS
P1399,PERSON-199,PRIMARY_OWNER,100,SYNTHETIC DEMO DATA — NOT OFFICIAL GOVERNMENT RECORDS
P1400,PERSON-200,PRIMARY_OWNER,100,SYNTHETIC DEMO DATA — NOT OFFICIAL GOVERNMENT RECORDS
P1401,PERSON-001,PRIMARY_OWNER,100,SYNTHETIC DEMO DATA — NOT OFFICIAL GOVERNMENT RECORDS
P1402,PERSON-002,PRIMARY_OWNER,100,SYNTHETIC DEMO DATA — NOT OFFICIAL GOVERNMENT RECORDS
P1403,PERSON-003,PRIMARY_OWNER,100,SYNTHETIC DEMO DATA — NOT OFFICIAL GOVERNMENT RECORDS
P1404,PERSON-004,PRIMARY_OWNER,100,SYNTHETIC DEMO DATA — NOT OFFICIAL GOVERNMENT RECORDS
P1405,PERSON-005,PRIMARY_OWNER,100,SYNTHETIC DEMO DATA — NOT OFFICIAL GOVERNMENT RECORDS
P1406,PERSON-006,PRIMARY_OWNER,100,SYNTHETIC DEMO DATA — NOT OFFICIAL GOVERNMENT RECORDS
P1407,PERSON-007,PRIMARY_OWNER,100,SYNTHETIC DEMO DATA — NOT OFFICIAL GOVERNMENT RECORDS
P1408,PERSON-008,PRIMARY_OWNER,100,SYNTHETIC DEMO DATA — NOT OFFICIAL GOVERNMENT RECORDS
P1409,PERSON-009,PRIMARY_OWNER,100,SYNTHETIC DEMO DATA — NOT OFFICIAL GOVERNMENT RECORDS
P1410,PERSON-010,PRIMARY_OWNER,100,SYNTHETIC DEMO DATA — NOT OFFICIAL GOVERNMENT RECORDS
P1411,PERSON-011,PRIMARY_OWNER,100,SYNTHETIC DEMO DATA — NOT OFFICIAL GOVERNMENT RECORDS
P1412,PERSON-012,PRIMARY_OWNER,100,SYNTHETIC DEMO DATA — NOT OFFICIAL GOVERNMENT RECORDS
P1413,PERSON-013,PRIMARY_OWNER,100,SYNTHETIC DEMO DATA — NOT OFFICIAL GOVERNMENT RECORDS
P1414,PERSON-014,PRIMARY_OWNER,100,SYNTHETIC DEMO DATA — NOT OFFICIAL GOVERNMENT RECORDS
P1415,PERSON-015,PRIMARY_OWNER,100,SYNTHETIC DEMO DATA — NOT OFFICIAL GOVERNMENT RECORDS
P1416,PERSON-016,PRIMARY_OWNER,100,SYNTHETIC DEMO DATA — NOT OFFICIAL GOVERNMENT RECORDS
P1417,PERSON-017,PRIMARY_OWNER,100,SYNTHETIC DEMO DATA — NOT OFFICIAL GOVERNMENT RECORDS
P1418,PERSON-018,PRIMARY_OWNER,100,SYNTHETIC DEMO DATA — NOT OFFICIAL GOVERNMENT RECORDS
P1419,PERSON-019,PRIMARY_OWNER,100,SYNTHETIC DEMO DATA — NOT OFFICIAL GOVERNMENT RECORDS
P1420,PERSON-020,PRIMARY_OWNER,100,SYNTHETIC DEMO DATA — NOT OFFICIAL GOVERNMENT RECORDS
P1421,PERSON-021,PRIMARY_OWNER,100,SYNTHETIC DEMO DATA — NOT OFFICIAL GOVERNMENT RECORDS
P1422,PERSON-022,PRIMARY_OWNER,100,SYNTHETIC DEMO DATA — NOT OFFICIAL GOVERNMENT RECORDS
P1423,PERSON-023,PRIMARY_OWNER,100,SYNTHETIC DEMO DATA — NOT OFFICIAL GOVERNMENT RECORDS
P1424,PERSON-024,PRIMARY_OWNER,100,SYNTHETIC DEMO DATA — NOT OFFICIAL GOVERNMENT RECORDS
P1425,PERSON-025,PRIMARY_OWNER,100,SYNTHETIC DEMO DATA — NOT OFFICIAL GOVERNMENT RECORDS
P1426,PERSON-026,PRIMARY_OWNER,100,SYNTHETIC DEMO DATA — NOT OFFICIAL GOVERNMENT RECORDS
P1427,PERSON-027,PRIMARY_OWNER,100,SYNTHETIC DEMO DATA — NOT OFFICIAL GOVERNMENT RECORDS
P1428,PERSON-028,PRIMARY_OWNER,100,SYNTHETIC DEMO DATA — NOT OFFICIAL GOVERNMENT RECORDS
P1429,PERSON-029,PRIMARY_OWNER,100,SYNTHETIC DEMO DATA — NOT OFFICIAL GOVERNMENT RECORDS
P1430,PERSON-030,PRIMARY_OWNER,100,SYNTHETIC DEMO DATA — NOT OFFICIAL GOVERNMENT RECORDS
P1431,PERSON-031,PRIMARY_OWNER,100,SYNTHETIC DEMO DATA — NOT OFFICIAL GOVERNMENT RECORDS
P1432,PERSON-032,PRIMARY_OWNER,100,SYNTHETIC DEMO DATA — NOT OFFICIAL GOVERNMENT RECORDS
P1433,PERSON-033,PRIMARY_OWNER,100,SYNTHETIC DEMO DATA — NOT OFFICIAL GOVERNMENT RECORDS
P1434,PERSON-034,PRIMARY_OWNER,100,SYNTHETIC DEMO DATA — NOT OFFICIAL GOVERNMENT RECORDS
P1435,PERSON-035,PRIMARY_OWNER,100,SYNTHETIC DEMO DATA — NOT OFFICIAL GOVERNMENT RECORDS
P1436,PERSON-036,PRIMARY_OWNER,100,SYNTHETIC DEMO DATA — NOT OFFICIAL GOVERNMENT RECORDS
P1437,PERSON-037,PRIMARY_OWNER,100,SYNTHETIC DEMO DATA — NOT OFFICIAL GOVERNMENT RECORDS
P1438,PERSON-038,PRIMARY_OWNER,100,SYNTHETIC DEMO DATA — NOT OFFICIAL GOVERNMENT RECORDS
P1439,PERSON-039,PRIMARY_OWNER,100,SYNTHETIC DEMO DATA — NOT OFFICIAL GOVERNMENT RECORDS
P1440,PERSON-040,PRIMARY_OWNER,100,SYNTHETIC DEMO DATA — NOT OFFICIAL GOVERNMENT RECORDS
P1441,PERSON-041,PRIMARY_OWNER,100,SYNTHETIC DEMO DATA — NOT OFFICIAL GOVERNMENT RECORDS
P1442,PERSON-042,PRIMARY_OWNER,100,SYNTHETIC DEMO DATA — NOT OFFICIAL GOVERNMENT RECORDS
P1443,PERSON-043,PRIMARY_OWNER,100,SYNTHETIC DEMO DATA — NOT OFFICIAL GOVERNMENT RECORDS
P1444,PERSON-044,PRIMARY_OWNER,100,SYNTHETIC DEMO DATA — NOT OFFICIAL GOVERNMENT RECORDS
P1445,PERSON-045,PRIMARY_OWNER,100,SYNTHETIC DEMO DATA — NOT OFFICIAL GOVERNMENT RECORDS
P1446,PERSON-046,PRIMARY_OWNER,100,SYNTHETIC DEMO DATA — NOT OFFICIAL GOVERNMENT RECORDS
P1447,PERSON-047,PRIMARY_OWNER,100,SYNTHETIC DEMO DATA — NOT OFFICIAL GOVERNMENT RECORDS
P1448,PERSON-048,PRIMARY_OWNER,100,SYNTHETIC DEMO DATA — NOT OFFICIAL GOVERNMENT RECORDS
P1449,PERSON-049,PRIMARY_OWNER,100,SYNTHETIC DEMO DATA — NOT OFFICIAL GOVERNMENT RECORDS
P1450,PERSON-050,PRIMARY_OWNER,100,SYNTHETIC DEMO DATA — NOT OFFICIAL GOVERNMENT RECORDS
P1451,PERSON-051,PRIMARY_OWNER,100,SYNTHETIC DEMO DATA — NOT OFFICIAL GOVERNMENT RECORDS
P1452,PERSON-052,PRIMARY_OWNER,100,SYNTHETIC DEMO DATA — NOT OFFICIAL GOVERNMENT RECORDS
P1453,PERSON-053,PRIMARY_OWNER,100,SYNTHETIC DEMO DATA — NOT OFFICIAL GOVERNMENT RECORDS
P1454,PERSON-054,PRIMARY_OWNER,100,SYNTHETIC DEMO DATA — NOT OFFICIAL GOVERNMENT RECORDS
P1455,PERSON-055,PRIMARY_OWNER,100,SYNTHETIC DEMO DATA — NOT OFFICIAL GOVERNMENT RECORDS
P1456,PERSON-056,PRIMARY_OWNER,100,SYNTHETIC DEMO DATA — NOT OFFICIAL GOVERNMENT RECORDS
P1457,PERSON-057,PRIMARY_OWNER,100,SYNTHETIC DEMO DATA — NOT OFFICIAL GOVERNMENT RECORDS
P1458,PERSON-058,PRIMARY_OWNER,100,SYNTHETIC DEMO DATA — NOT OFFICIAL GOVERNMENT RECORDS
P1459,PERSON-059,PRIMARY_OWNER,100,SYNTHETIC DEMO DATA — NOT OFFICIAL GOVERNMENT RECORDS
P1460,PERSON-060,PRIMARY_OWNER,100,SYNTHETIC DEMO DATA — NOT OFFICIAL GOVERNMENT RECORDS
P1461,PERSON-061,PRIMARY_OWNER,100,SYNTHETIC DEMO DATA — NOT OFFICIAL GOVERNMENT RECORDS
P1462,PERSON-062,PRIMARY_OWNER,100,SYNTHETIC DEMO DATA — NOT OFFICIAL GOVERNMENT RECORDS
P1463,PERSON-063,PRIMARY_OWNER,100,SYNTHETIC DEMO DATA — NOT OFFICIAL GOVERNMENT RECORDS
P1464,PERSON-064,PRIMARY_OWNER,100,SYNTHETIC DEMO DATA — NOT OFFICIAL GOVERNMENT RECORDS
P1465,PERSON-065,PRIMARY_OWNER,100,SYNTHETIC DEMO DATA — NOT OFFICIAL GOVERNMENT RECORDS
P1466,PERSON-066,PRIMARY_OWNER,100,SYNTHETIC DEMO DATA — NOT OFFICIAL GOVERNMENT RECORDS
P1467,PERSON-067,PRIMARY_OWNER,100,SYNTHETIC DEMO DATA — NOT OFFICIAL GOVERNMENT RECORDS
P1468,PERSON-068,PRIMARY_OWNER,100,SYNTHETIC DEMO DATA — NOT OFFICIAL GOVERNMENT RECORDS
P1469,PERSON-069,PRIMARY_OWNER,100,SYNTHETIC DEMO DATA — NOT OFFICIAL GOVERNMENT RECORDS
P1470,PERSON-070,PRIMARY_OWNER,100,SYNTHETIC DEMO DATA — NOT OFFICIAL GOVERNMENT RECORDS
P1471,PERSON-071,PRIMARY_OWNER,100,SYNTHETIC DEMO DATA — NOT OFFICIAL GOVERNMENT RECORDS
P1472,PERSON-072,PRIMARY_OWNER,100,SYNTHETIC DEMO DATA — NOT OFFICIAL GOVERNMENT RECORDS
P1473,PERSON-073,PRIMARY_OWNER,100,SYNTHETIC DEMO DATA — NOT OFFICIAL GOVERNMENT RECORDS
P1474,PERSON-074,PRIMARY_OWNER,100,SYNTHETIC DEMO DATA — NOT OFFICIAL GOVERNMENT RECORDS
P1475,PERSON-075,PRIMARY_OWNER,100,SYNTHETIC DEMO DATA — NOT OFFICIAL GOVERNMENT RECORDS
P1476,PERSON-076,PRIMARY_OWNER,100,SYNTHETIC DEMO DATA — NOT OFFICIAL GOVERNMENT RECORDS
P1477,PERSON-077,PRIMARY_OWNER,100,SYNTHETIC DEMO DATA — NOT OFFICIAL GOVERNMENT RECORDS
P1478,PERSON-078,PRIMARY_OWNER,100,SYNTHETIC DEMO DATA — NOT OFFICIAL GOVERNMENT RECORDS
P1479,PERSON-079,PRIMARY_OWNER,100,SYNTHETIC DEMO DATA — NOT OFFICIAL GOVERNMENT RECORDS
P1480,PERSON-080,PRIMARY_OWNER,100,SYNTHETIC DEMO DATA — NOT OFFICIAL GOVERNMENT RECORDS
P1481,PERSON-081,PRIMARY_OWNER,100,SYNTHETIC DEMO DATA — NOT OFFICIAL GOVERNMENT RECORDS
P1482,PERSON-082,PRIMARY_OWNER,100,SYNTHETIC DEMO DATA — NOT OFFICIAL GOVERNMENT RECORDS
P1483,PERSON-083,PRIMARY_OWNER,100,SYNTHETIC DEMO DATA — NOT OFFICIAL GOVERNMENT RECORDS
P1484,PERSON-084,PRIMARY_OWNER,100,SYNTHETIC DEMO DATA — NOT OFFICIAL GOVERNMENT RECORDS
P1485,PERSON-085,PRIMARY_OWNER,100,SYNTHETIC DEMO DATA — NOT OFFICIAL GOVERNMENT RECORDS
P1486,PERSON-086,PRIMARY_OWNER,100,SYNTHETIC DEMO DATA — NOT OFFICIAL GOVERNMENT RECORDS
P1487,PERSON-087,PRIMARY_OWNER,100,SYNTHETIC DEMO DATA — NOT OFFICIAL GOVERNMENT RECORDS
P1488,PERSON-088,PRIMARY_OWNER,100,SYNTHETIC DEMO DATA — NOT OFFICIAL GOVERNMENT RECORDS
P1489,PERSON-089,PRIMARY_OWNER,100,SYNTHETIC DEMO DATA — NOT OFFICIAL GOVERNMENT RECORDS
P1490,PERSON-090,PRIMARY_OWNER,100,SYNTHETIC DEMO DATA — NOT OFFICIAL GOVERNMENT RECORDS
P1491,PERSON-091,PRIMARY_OWNER,100,SYNTHETIC DEMO DATA — NOT OFFICIAL GOVERNMENT RECORDS
P1492,PERSON-092,PRIMARY_OWNER,100,SYNTHETIC DEMO DATA — NOT OFFICIAL GOVERNMENT RECORDS
P1493,PERSON-093,PRIMARY_OWNER,100,SYNTHETIC DEMO DATA — NOT OFFICIAL GOVERNMENT RECORDS
P1494,PERSON-094,PRIMARY_OWNER,100,SYNTHETIC DEMO DATA — NOT OFFICIAL GOVERNMENT RECORDS
P1495,PERSON-095,PRIMARY_OWNER,100,SYNTHETIC DEMO DATA — NOT OFFICIAL GOVERNMENT RECORDS
P1496,PERSON-096,PRIMARY_OWNER,100,SYNTHETIC DEMO DATA — NOT OFFICIAL GOVERNMENT RECORDS
P1497,PERSON-097,PRIMARY_OWNER,100,SYNTHETIC DEMO DATA — NOT OFFICIAL GOVERNMENT RECORDS
P1498,PERSON-098,PRIMARY_OWNER,100,SYNTHETIC DEMO DATA — NOT OFFICIAL GOVERNMENT RECORDS
P1499,PERSON-099,PRIMARY_OWNER,100,SYNTHETIC DEMO DATA — NOT OFFICIAL GOVERNMENT RECORDS
P1500,PERSON-100,PRIMARY_OWNER,100,SYNTHETIC DEMO DATA — NOT OFFICIAL GOVERNMENT RECORDS
P1501,PERSON-101,PRIMARY_OWNER,100,SYNTHETIC DEMO DATA — NOT OFFICIAL GOVERNMENT RECORDS
P1502,PERSON-102,PRIMARY_OWNER,100,SYNTHETIC DEMO DATA — NOT OFFICIAL GOVERNMENT RECORDS
P1503,PERSON-103,PRIMARY_OWNER,100,SYNTHETIC DEMO DATA — NOT OFFICIAL GOVERNMENT RECORDS
P1504,PERSON-104,PRIMARY_OWNER,100,SYNTHETIC DEMO DATA — NOT OFFICIAL GOVERNMENT RECORDS
P1505,PERSON-105,PRIMARY_OWNER,100,SYNTHETIC DEMO DATA — NOT OFFICIAL GOVERNMENT RECORDS
P1506,PERSON-106,PRIMARY_OWNER,100,SYNTHETIC DEMO DATA — NOT OFFICIAL GOVERNMENT RECORDS
P1507,PERSON-107,PRIMARY_OWNER,100,SYNTHETIC DEMO DATA — NOT OFFICIAL GOVERNMENT RECORDS
P1508,PERSON-108,PRIMARY_OWNER,100,SYNTHETIC DEMO DATA — NOT OFFICIAL GOVERNMENT RECORDS
P1509,PERSON-109,PRIMARY_OWNER,100,SYNTHETIC DEMO DATA — NOT OFFICIAL GOVERNMENT RECORDS
P1510,PERSON-110,PRIMARY_OWNER,100,SYNTHETIC DEMO DATA — NOT OFFICIAL GOVERNMENT RECORDS
P1511,PERSON-111,PRIMARY_OWNER,100,SYNTHETIC DEMO DATA — NOT OFFICIAL GOVERNMENT RECORDS
P1512,PERSON-112,PRIMARY_OWNER,100,SYNTHETIC DEMO DATA — NOT OFFICIAL GOVERNMENT RECORDS
P1513,PERSON-113,PRIMARY_OWNER,100,SYNTHETIC DEMO DATA — NOT OFFICIAL GOVERNMENT RECORDS
P1514,PERSON-114,PRIMARY_OWNER,100,SYNTHETIC DEMO DATA — NOT OFFICIAL GOVERNMENT RECORDS
P1515,PERSON-115,PRIMARY_OWNER,100,SYNTHETIC DEMO DATA — NOT OFFICIAL GOVERNMENT RECORDS
P1516,PERSON-116,PRIMARY_OWNER,100,SYNTHETIC DEMO DATA — NOT OFFICIAL GOVERNMENT RECORDS
P1517,PERSON-117,PRIMARY_OWNER,100,SYNTHETIC DEMO DATA — NOT OFFICIAL GOVERNMENT RECORDS
P1518,PERSON-118,PRIMARY_OWNER,100,SYNTHETIC DEMO DATA — NOT OFFICIAL GOVERNMENT RECORDS
P1519,PERSON-119,PRIMARY_OWNER,100,SYNTHETIC DEMO DATA — NOT OFFICIAL GOVERNMENT RECORDS
P1520,PERSON-120,PRIMARY_OWNER,100,SYNTHETIC DEMO DATA — NOT OFFICIAL GOVERNMENT RECORDS
P1521,PERSON-121,PRIMARY_OWNER,100,SYNTHETIC DEMO DATA — NOT OFFICIAL GOVERNMENT RECORDS
P1522,PERSON-122,PRIMARY_OWNER,100,SYNTHETIC DEMO DATA — NOT OFFICIAL GOVERNMENT RECORDS
P1523,PERSON-123,PRIMARY_OWNER,100,SYNTHETIC DEMO DATA — NOT OFFICIAL GOVERNMENT RECORDS
P1524,PERSON-124,PRIMARY_OWNER,100,SYNTHETIC DEMO DATA — NOT OFFICIAL GOVERNMENT RECORDS
P1525,PERSON-125,PRIMARY_OWNER,100,SYNTHETIC DEMO DATA — NOT OFFICIAL GOVERNMENT RECORDS
P1526,PERSON-126,PRIMARY_OWNER,100,SYNTHETIC DEMO DATA — NOT OFFICIAL GOVERNMENT RECORDS
P1527,PERSON-127,PRIMARY_OWNER,100,SYNTHETIC DEMO DATA — NOT OFFICIAL GOVERNMENT RECORDS
P1528,PERSON-128,PRIMARY_OWNER,100,SYNTHETIC DEMO DATA — NOT OFFICIAL GOVERNMENT RECORDS
P1529,PERSON-129,PRIMARY_OWNER,100,SYNTHETIC DEMO DATA — NOT OFFICIAL GOVERNMENT RECORDS
P1530,PERSON-130,PRIMARY_OWNER,100,SYNTHETIC DEMO DATA — NOT OFFICIAL GOVERNMENT RECORDS
P1531,PERSON-131,PRIMARY_OWNER,100,SYNTHETIC DEMO DATA — NOT OFFICIAL GOVERNMENT RECORDS
P1532,PERSON-132,PRIMARY_OWNER,100,SYNTHETIC DEMO DATA — NOT OFFICIAL GOVERNMENT RECORDS
P1533,PERSON-133,PRIMARY_OWNER,100,SYNTHETIC DEMO DATA — NOT OFFICIAL GOVERNMENT RECORDS
P1534,PERSON-134,PRIMARY_OWNER,100,SYNTHETIC DEMO DATA — NOT OFFICIAL GOVERNMENT RECORDS
P1535,PERSON-135,PRIMARY_OWNER,100,SYNTHETIC DEMO DATA — NOT OFFICIAL GOVERNMENT RECORDS
P1536,PERSON-136,PRIMARY_OWNER,100,SYNTHETIC DEMO DATA — NOT OFFICIAL GOVERNMENT RECORDS
P1537,PERSON-137,PRIMARY_OWNER,100,SYNTHETIC DEMO DATA — NOT OFFICIAL GOVERNMENT RECORDS
P1538,PERSON-138,PRIMARY_OWNER,100,SYNTHETIC DEMO DATA — NOT OFFICIAL GOVERNMENT RECORDS
P1539,PERSON-139,PRIMARY_OWNER,100,SYNTHETIC DEMO DATA — NOT OFFICIAL GOVERNMENT RECORDS
P1540,PERSON-140,PRIMARY_OWNER,100,SYNTHETIC DEMO DATA — NOT OFFICIAL GOVERNMENT RECORDS
P1541,PERSON-141,PRIMARY_OWNER,100,SYNTHETIC DEMO DATA — NOT OFFICIAL GOVERNMENT RECORDS
P1542,PERSON-142,PRIMARY_OWNER,100,SYNTHETIC DEMO DATA — NOT OFFICIAL GOVERNMENT RECORDS
P1543,PERSON-143,PRIMARY_OWNER,100,SYNTHETIC DEMO DATA — NOT OFFICIAL GOVERNMENT RECORDS
P1544,PERSON-144,PRIMARY_OWNER,100,SYNTHETIC DEMO DATA — NOT OFFICIAL GOVERNMENT RECORDS
P1545,PERSON-145,PRIMARY_OWNER,100,SYNTHETIC DEMO DATA — NOT OFFICIAL GOVERNMENT RECORDS
P1546,PERSON-146,PRIMARY_OWNER,100,SYNTHETIC DEMO DATA — NOT OFFICIAL GOVERNMENT RECORDS
P1547,PERSON-147,PRIMARY_OWNER,100,SYNTHETIC DEMO DATA — NOT OFFICIAL GOVERNMENT RECORDS
P1548,PERSON-148,PRIMARY_OWNER,100,SYNTHETIC DEMO DATA — NOT OFFICIAL GOVERNMENT RECORDS
P1549,PERSON-149,PRIMARY_OWNER,100,SYNTHETIC DEMO DATA — NOT OFFICIAL GOVERNMENT RECORDS
P1550,PERSON-150,PRIMARY_OWNER,100,SYNTHETIC DEMO DATA — NOT OFFICIAL GOVERNMENT RECORDS
P1551,PERSON-151,PRIMARY_OWNER,100,SYNTHETIC DEMO DATA — NOT OFFICIAL GOVERNMENT RECORDS
P1552,PERSON-152,PRIMARY_OWNER,100,SYNTHETIC DEMO DATA — NOT OFFICIAL GOVERNMENT RECORDS
P1553,PERSON-153,PRIMARY_OWNER,100,SYNTHETIC DEMO DATA — NOT OFFICIAL GOVERNMENT RECORDS
P1554,PERSON-154,PRIMARY_OWNER,100,SYNTHETIC DEMO DATA — NOT OFFICIAL GOVERNMENT RECORDS
P1555,PERSON-155,PRIMARY_OWNER,100,SYNTHETIC DEMO DATA — NOT OFFICIAL GOVERNMENT RECORDS
P1556,PERSON-156,PRIMARY_OWNER,100,SYNTHETIC DEMO DATA — NOT OFFICIAL GOVERNMENT RECORDS
P1557,PERSON-157,PRIMARY_OWNER,100,SYNTHETIC DEMO DATA — NOT OFFICIAL GOVERNMENT RECORDS
P1558,PERSON-158,PRIMARY_OWNER,100,SYNTHETIC DEMO DATA — NOT OFFICIAL GOVERNMENT RECORDS
P1559,PERSON-159,PRIMARY_OWNER,100,SYNTHETIC DEMO DATA — NOT OFFICIAL GOVERNMENT RECORDS
P1560,PERSON-160,PRIMARY_OWNER,100,SYNTHETIC DEMO DATA — NOT OFFICIAL GOVERNMENT RECORDS
P1561,PERSON-161,PRIMARY_OWNER,100,SYNTHETIC DEMO DATA — NOT OFFICIAL GOVERNMENT RECORDS
P1562,PERSON-162,PRIMARY_OWNER,100,SYNTHETIC DEMO DATA — NOT OFFICIAL GOVERNMENT RECORDS
P1563,PERSON-163,PRIMARY_OWNER,100,SYNTHETIC DEMO DATA — NOT OFFICIAL GOVERNMENT RECORDS
P1564,PERSON-164,PRIMARY_OWNER,100,SYNTHETIC DEMO DATA — NOT OFFICIAL GOVERNMENT RECORDS
P1565,PERSON-165,PRIMARY_OWNER,100,SYNTHETIC DEMO DATA — NOT OFFICIAL GOVERNMENT RECORDS
P1566,PERSON-166,PRIMARY_OWNER,100,SYNTHETIC DEMO DATA — NOT OFFICIAL GOVERNMENT RECORDS
P1567,PERSON-167,PRIMARY_OWNER,100,SYNTHETIC DEMO DATA — NOT OFFICIAL GOVERNMENT RECORDS
P1568,PERSON-168,PRIMARY_OWNER,100,SYNTHETIC DEMO DATA — NOT OFFICIAL GOVERNMENT RECORDS
P1569,PERSON-169,PRIMARY_OWNER,100,SYNTHETIC DEMO DATA — NOT OFFICIAL GOVERNMENT RECORDS
P1570,PERSON-170,PRIMARY_OWNER,100,SYNTHETIC DEMO DATA — NOT OFFICIAL GOVERNMENT RECORDS
P1571,PERSON-171,PRIMARY_OWNER,100,SYNTHETIC DEMO DATA — NOT OFFICIAL GOVERNMENT RECORDS
P1572,PERSON-172,PRIMARY_OWNER,100,SYNTHETIC DEMO DATA — NOT OFFICIAL GOVERNMENT RECORDS
P1573,PERSON-173,PRIMARY_OWNER,100,SYNTHETIC DEMO DATA — NOT OFFICIAL GOVERNMENT RECORDS
P1574,PERSON-174,PRIMARY_OWNER,100,SYNTHETIC DEMO DATA — NOT OFFICIAL GOVERNMENT RECORDS
P1575,PERSON-175,PRIMARY_OWNER,100,SYNTHETIC DEMO DATA — NOT OFFICIAL GOVERNMENT RECORDS
P1576,PERSON-176,PRIMARY_OWNER,100,SYNTHETIC DEMO DATA — NOT OFFICIAL GOVERNMENT RECORDS
P1577,PERSON-177,PRIMARY_OWNER,100,SYNTHETIC DEMO DATA — NOT OFFICIAL GOVERNMENT RECORDS
P1578,PERSON-178,PRIMARY_OWNER,100,SYNTHETIC DEMO DATA — NOT OFFICIAL GOVERNMENT RECORDS
P1579,PERSON-179,PRIMARY_OWNER,100,SYNTHETIC DEMO DATA — NOT OFFICIAL GOVERNMENT RECORDS
P1580,PERSON-180,PRIMARY_OWNER,100,SYNTHETIC DEMO DATA — NOT OFFICIAL GOVERNMENT RECORDS
P1581,PERSON-181,PRIMARY_OWNER,100,SYNTHETIC DEMO DATA — NOT OFFICIAL GOVERNMENT RECORDS
P1582,PERSON-182,PRIMARY_OWNER,100,SYNTHETIC DEMO DATA — NOT OFFICIAL GOVERNMENT RECORDS
P1583,PERSON-183,PRIMARY_OWNER,100,SYNTHETIC DEMO DATA — NOT OFFICIAL GOVERNMENT RECORDS
P1584,PERSON-184,PRIMARY_OWNER,100,SYNTHETIC DEMO DATA — NOT OFFICIAL GOVERNMENT RECORDS
P1585,PERSON-185,PRIMARY_OWNER,100,SYNTHETIC DEMO DATA — NOT OFFICIAL GOVERNMENT RECORDS
P1586,PERSON-186,PRIMARY_OWNER,100,SYNTHETIC DEMO DATA — NOT OFFICIAL GOVERNMENT RECORDS
P1587,PERSON-187,PRIMARY_OWNER,100,SYNTHETIC DEMO DATA — NOT OFFICIAL GOVERNMENT RECORDS
P1588,PERSON-188,PRIMARY_OWNER,100,SYNTHETIC DEMO DATA — NOT OFFICIAL GOVERNMENT RECORDS
P1589,PERSON-189,PRIMARY_OWNER,100,SYNTHETIC DEMO DATA — NOT OFFICIAL GOVERNMENT RECORDS
P1590,PERSON-190,PRIMARY_OWNER,100,SYNTHETIC DEMO DATA — NOT OFFICIAL GOVERNMENT RECORDS
P1591,PERSON-191,PRIMARY_OWNER,100,SYNTHETIC DEMO DATA — NOT OFFICIAL GOVERNMENT RECORDS
P1592,PERSON-192,PRIMARY_OWNER,100,SYNTHETIC DEMO DATA — NOT OFFICIAL GOVERNMENT RECORDS
P1593,PERSON-193,PRIMARY_OWNER,100,SYNTHETIC DEMO DATA — NOT OFFICIAL GOVERNMENT RECORDS
P1594,PERSON-194,PRIMARY_OWNER,100,SYNTHETIC DEMO DATA — NOT OFFICIAL GOVERNMENT RECORDS
P1595,PERSON-195,PRIMARY_OWNER,100,SYNTHETIC DEMO DATA — NOT OFFICIAL GOVERNMENT RECORDS
P1596,PERSON-196,PRIMARY_OWNER,100,SYNTHETIC DEMO DATA — NOT OFFICIAL GOVERNMENT RECORDS
P1597,PERSON-197,PRIMARY_OWNER,100,SYNTHETIC DEMO DATA — NOT OFFICIAL GOVERNMENT RECORDS
P1598,PERSON-198,PRIMARY_OWNER,100,SYNTHETIC DEMO DATA — NOT OFFICIAL GOVERNMENT RECORDS
P1599,PERSON-199,PRIMARY_OWNER,100,SYNTHETIC DEMO DATA — NOT OFFICIAL GOVERNMENT RECORDS
P1600,PERSON-200,PRIMARY_OWNER,100,SYNTHETIC DEMO DATA — NOT OFFICIAL GOVERNMENT RECORDS
P1601,PERSON-001,PRIMARY_OWNER,100,SYNTHETIC DEMO DATA — NOT OFFICIAL GOVERNMENT RECORDS
P1602,PERSON-002,PRIMARY_OWNER,100,SYNTHETIC DEMO DATA — NOT OFFICIAL GOVERNMENT RECORDS
P1603,PERSON-003,PRIMARY_OWNER,100,SYNTHETIC DEMO DATA — NOT OFFICIAL GOVERNMENT RECORDS
P1604,PERSON-004,PRIMARY_OWNER,100,SYNTHETIC DEMO DATA — NOT OFFICIAL GOVERNMENT RECORDS
P1605,PERSON-005,PRIMARY_OWNER,100,SYNTHETIC DEMO DATA — NOT OFFICIAL GOVERNMENT RECORDS
P1606,PERSON-006,PRIMARY_OWNER,100,SYNTHETIC DEMO DATA — NOT OFFICIAL GOVERNMENT RECORDS
P1607,PERSON-007,PRIMARY_OWNER,100,SYNTHETIC DEMO DATA — NOT OFFICIAL GOVERNMENT RECORDS
P1608,PERSON-008,PRIMARY_OWNER,100,SYNTHETIC DEMO DATA — NOT OFFICIAL GOVERNMENT RECORDS
P1609,PERSON-009,PRIMARY_OWNER,100,SYNTHETIC DEMO DATA — NOT OFFICIAL GOVERNMENT RECORDS
P1610,PERSON-010,PRIMARY_OWNER,100,SYNTHETIC DEMO DATA — NOT OFFICIAL GOVERNMENT RECORDS
P1611,PERSON-011,PRIMARY_OWNER,100,SYNTHETIC DEMO DATA — NOT OFFICIAL GOVERNMENT RECORDS
P1612,PERSON-012,PRIMARY_OWNER,100,SYNTHETIC DEMO DATA — NOT OFFICIAL GOVERNMENT RECORDS
P1613,PERSON-013,PRIMARY_OWNER,100,SYNTHETIC DEMO DATA — NOT OFFICIAL GOVERNMENT RECORDS
P1614,PERSON-014,PRIMARY_OWNER,100,SYNTHETIC DEMO DATA — NOT OFFICIAL GOVERNMENT RECORDS
P1615,PERSON-015,PRIMARY_OWNER,100,SYNTHETIC DEMO DATA — NOT OFFICIAL GOVERNMENT RECORDS
P1616,PERSON-016,PRIMARY_OWNER,100,SYNTHETIC DEMO DATA — NOT OFFICIAL GOVERNMENT RECORDS
P1617,PERSON-017,PRIMARY_OWNER,100,SYNTHETIC DEMO DATA — NOT OFFICIAL GOVERNMENT RECORDS
P1618,PERSON-018,PRIMARY_OWNER,100,SYNTHETIC DEMO DATA — NOT OFFICIAL GOVERNMENT RECORDS
P1619,PERSON-019,PRIMARY_OWNER,100,SYNTHETIC DEMO DATA — NOT OFFICIAL GOVERNMENT RECORDS
P1620,PERSON-020,PRIMARY_OWNER,100,SYNTHETIC DEMO DATA — NOT OFFICIAL GOVERNMENT RECORDS
P1621,PERSON-021,PRIMARY_OWNER,100,SYNTHETIC DEMO DATA — NOT OFFICIAL GOVERNMENT RECORDS
P1622,PERSON-022,PRIMARY_OWNER,100,SYNTHETIC DEMO DATA — NOT OFFICIAL GOVERNMENT RECORDS
P1623,PERSON-023,PRIMARY_OWNER,100,SYNTHETIC DEMO DATA — NOT OFFICIAL GOVERNMENT RECORDS
P1624,PERSON-024,PRIMARY_OWNER,100,SYNTHETIC DEMO DATA — NOT OFFICIAL GOVERNMENT RECORDS
P1625,PERSON-025,PRIMARY_OWNER,100,SYNTHETIC DEMO DATA — NOT OFFICIAL GOVERNMENT RECORDS
P1626,PERSON-026,PRIMARY_OWNER,100,SYNTHETIC DEMO DATA — NOT OFFICIAL GOVERNMENT RECORDS
P1627,PERSON-027,PRIMARY_OWNER,100,SYNTHETIC DEMO DATA — NOT OFFICIAL GOVERNMENT RECORDS
P1628,PERSON-028,PRIMARY_OWNER,100,SYNTHETIC DEMO DATA — NOT OFFICIAL GOVERNMENT RECORDS
P1629,PERSON-029,PRIMARY_OWNER,100,SYNTHETIC DEMO DATA — NOT OFFICIAL GOVERNMENT RECORDS
P1630,PERSON-030,PRIMARY_OWNER,100,SYNTHETIC DEMO DATA — NOT OFFICIAL GOVERNMENT RECORDS
P1631,PERSON-031,PRIMARY_OWNER,100,SYNTHETIC DEMO DATA — NOT OFFICIAL GOVERNMENT RECORDS
P1632,PERSON-032,PRIMARY_OWNER,100,SYNTHETIC DEMO DATA — NOT OFFICIAL GOVERNMENT RECORDS
P1633,PERSON-033,PRIMARY_OWNER,100,SYNTHETIC DEMO DATA — NOT OFFICIAL GOVERNMENT RECORDS
P1634,PERSON-034,PRIMARY_OWNER,100,SYNTHETIC DEMO DATA — NOT OFFICIAL GOVERNMENT RECORDS
P1635,PERSON-035,PRIMARY_OWNER,100,SYNTHETIC DEMO DATA — NOT OFFICIAL GOVERNMENT RECORDS
P1636,PERSON-036,PRIMARY_OWNER,100,SYNTHETIC DEMO DATA — NOT OFFICIAL GOVERNMENT RECORDS
P1637,PERSON-037,PRIMARY_OWNER,100,SYNTHETIC DEMO DATA — NOT OFFICIAL GOVERNMENT RECORDS
P1638,PERSON-038,PRIMARY_OWNER,100,SYNTHETIC DEMO DATA — NOT OFFICIAL GOVERNMENT RECORDS
P1639,PERSON-039,PRIMARY_OWNER,100,SYNTHETIC DEMO DATA — NOT OFFICIAL GOVERNMENT RECORDS
P1640,PERSON-040,PRIMARY_OWNER,100,SYNTHETIC DEMO DATA — NOT OFFICIAL GOVERNMENT RECORDS
P1641,PERSON-041,PRIMARY_OWNER,100,SYNTHETIC DEMO DATA — NOT OFFICIAL GOVERNMENT RECORDS
P1642,PERSON-042,PRIMARY_OWNER,100,SYNTHETIC DEMO DATA — NOT OFFICIAL GOVERNMENT RECORDS
P1643,PERSON-043,PRIMARY_OWNER,100,SYNTHETIC DEMO DATA — NOT OFFICIAL GOVERNMENT RECORDS
P1644,PERSON-044,PRIMARY_OWNER,100,SYNTHETIC DEMO DATA — NOT OFFICIAL GOVERNMENT RECORDS
P1645,PERSON-045,PRIMARY_OWNER,100,SYNTHETIC DEMO DATA — NOT OFFICIAL GOVERNMENT RECORDS
P1646,PERSON-046,PRIMARY_OWNER,100,SYNTHETIC DEMO DATA — NOT OFFICIAL GOVERNMENT RECORDS
P1647,PERSON-047,PRIMARY_OWNER,100,SYNTHETIC DEMO DATA — NOT OFFICIAL GOVERNMENT RECORDS
P1648,PERSON-048,PRIMARY_OWNER,100,SYNTHETIC DEMO DATA — NOT OFFICIAL GOVERNMENT RECORDS
P1649,PERSON-049,PRIMARY_OWNER,100,SYNTHETIC DEMO DATA — NOT OFFICIAL GOVERNMENT RECORDS
P1650,PERSON-050,PRIMARY_OWNER,100,SYNTHETIC DEMO DATA — NOT OFFICIAL GOVERNMENT RECORDS
P1651,PERSON-051,PRIMARY_OWNER,100,SYNTHETIC DEMO DATA — NOT OFFICIAL GOVERNMENT RECORDS
P1652,PERSON-052,PRIMARY_OWNER,100,SYNTHETIC DEMO DATA — NOT OFFICIAL GOVERNMENT RECORDS
P1653,PERSON-053,PRIMARY_OWNER,100,SYNTHETIC DEMO DATA — NOT OFFICIAL GOVERNMENT RECORDS
P1654,PERSON-054,PRIMARY_OWNER,100,SYNTHETIC DEMO DATA — NOT OFFICIAL GOVERNMENT RECORDS
P1655,PERSON-055,PRIMARY_OWNER,100,SYNTHETIC DEMO DATA — NOT OFFICIAL GOVERNMENT RECORDS
P1656,PERSON-056,PRIMARY_OWNER,100,SYNTHETIC DEMO DATA — NOT OFFICIAL GOVERNMENT RECORDS
P1657,PERSON-057,PRIMARY_OWNER,100,SYNTHETIC DEMO DATA — NOT OFFICIAL GOVERNMENT RECORDS
P1658,PERSON-058,PRIMARY_OWNER,100,SYNTHETIC DEMO DATA — NOT OFFICIAL GOVERNMENT RECORDS
P1659,PERSON-059,PRIMARY_OWNER,100,SYNTHETIC DEMO DATA — NOT OFFICIAL GOVERNMENT RECORDS
P1660,PERSON-060,PRIMARY_OWNER,100,SYNTHETIC DEMO DATA — NOT OFFICIAL GOVERNMENT RECORDS
P1661,PERSON-061,PRIMARY_OWNER,100,SYNTHETIC DEMO DATA — NOT OFFICIAL GOVERNMENT RECORDS
P1662,PERSON-062,PRIMARY_OWNER,100,SYNTHETIC DEMO DATA — NOT OFFICIAL GOVERNMENT RECORDS
P1663,PERSON-063,PRIMARY_OWNER,100,SYNTHETIC DEMO DATA — NOT OFFICIAL GOVERNMENT RECORDS
P1664,PERSON-064,PRIMARY_OWNER,100,SYNTHETIC DEMO DATA — NOT OFFICIAL GOVERNMENT RECORDS
P1665,PERSON-065,PRIMARY_OWNER,100,SYNTHETIC DEMO DATA — NOT OFFICIAL GOVERNMENT RECORDS
P1666,PERSON-066,PRIMARY_OWNER,100,SYNTHETIC DEMO DATA — NOT OFFICIAL GOVERNMENT RECORDS
P1667,PERSON-067,PRIMARY_OWNER,100,SYNTHETIC DEMO DATA — NOT OFFICIAL GOVERNMENT RECORDS
P1668,PERSON-068,PRIMARY_OWNER,100,SYNTHETIC DEMO DATA — NOT OFFICIAL GOVERNMENT RECORDS
P1669,PERSON-069,PRIMARY_OWNER,100,SYNTHETIC DEMO DATA — NOT OFFICIAL GOVERNMENT RECORDS
P1670,PERSON-070,PRIMARY_OWNER,100,SYNTHETIC DEMO DATA — NOT OFFICIAL GOVERNMENT RECORDS
P1671,PERSON-071,PRIMARY_OWNER,100,SYNTHETIC DEMO DATA — NOT OFFICIAL GOVERNMENT RECORDS
P1672,PERSON-072,PRIMARY_OWNER,100,SYNTHETIC DEMO DATA — NOT OFFICIAL GOVERNMENT RECORDS
P1673,PERSON-073,PRIMARY_OWNER,100,SYNTHETIC DEMO DATA — NOT OFFICIAL GOVERNMENT RECORDS
P1674,PERSON-074,PRIMARY_OWNER,100,SYNTHETIC DEMO DATA — NOT OFFICIAL GOVERNMENT RECORDS
P1675,PERSON-075,PRIMARY_OWNER,100,SYNTHETIC DEMO DATA — NOT OFFICIAL GOVERNMENT RECORDS
P1676,PERSON-076,PRIMARY_OWNER,100,SYNTHETIC DEMO DATA — NOT OFFICIAL GOVERNMENT RECORDS
P1677,PERSON-077,PRIMARY_OWNER,100,SYNTHETIC DEMO DATA — NOT OFFICIAL GOVERNMENT RECORDS
P1678,PERSON-078,PRIMARY_OWNER,100,SYNTHETIC DEMO DATA — NOT OFFICIAL GOVERNMENT RECORDS
P1679,PERSON-079,PRIMARY_OWNER,100,SYNTHETIC DEMO DATA — NOT OFFICIAL GOVERNMENT RECORDS
P1680,PERSON-080,PRIMARY_OWNER,100,SYNTHETIC DEMO DATA — NOT OFFICIAL GOVERNMENT RECORDS
P1681,PERSON-081,PRIMARY_OWNER,100,SYNTHETIC DEMO DATA — NOT OFFICIAL GOVERNMENT RECORDS
P1682,PERSON-082,PRIMARY_OWNER,100,SYNTHETIC DEMO DATA — NOT OFFICIAL GOVERNMENT RECORDS
P1683,PERSON-083,PRIMARY_OWNER,100,SYNTHETIC DEMO DATA — NOT OFFICIAL GOVERNMENT RECORDS
P1684,PERSON-084,PRIMARY_OWNER,100,SYNTHETIC DEMO DATA — NOT OFFICIAL GOVERNMENT RECORDS
P1685,PERSON-085,PRIMARY_OWNER,100,SYNTHETIC DEMO DATA — NOT OFFICIAL GOVERNMENT RECORDS
P1686,PERSON-086,PRIMARY_OWNER,100,SYNTHETIC DEMO DATA — NOT OFFICIAL GOVERNMENT RECORDS
P1687,PERSON-087,PRIMARY_OWNER,100,SYNTHETIC DEMO DATA — NOT OFFICIAL GOVERNMENT RECORDS
P1688,PERSON-088,PRIMARY_OWNER,100,SYNTHETIC DEMO DATA — NOT OFFICIAL GOVERNMENT RECORDS
P1689,PERSON-089,PRIMARY_OWNER,100,SYNTHETIC DEMO DATA — NOT OFFICIAL GOVERNMENT RECORDS
P1690,PERSON-090,PRIMARY_OWNER,100,SYNTHETIC DEMO DATA — NOT OFFICIAL GOVERNMENT RECORDS
P1691,PERSON-091,PRIMARY_OWNER,100,SYNTHETIC DEMO DATA — NOT OFFICIAL GOVERNMENT RECORDS
P1692,PERSON-092,PRIMARY_OWNER,100,SYNTHETIC DEMO DATA — NOT OFFICIAL GOVERNMENT RECORDS
P1693,PERSON-093,PRIMARY_OWNER,100,SYNTHETIC DEMO DATA — NOT OFFICIAL GOVERNMENT RECORDS
P1694,PERSON-094,PRIMARY_OWNER,100,SYNTHETIC DEMO DATA — NOT OFFICIAL GOVERNMENT RECORDS
P1695,PERSON-095,PRIMARY_OWNER,100,SYNTHETIC DEMO DATA — NOT OFFICIAL GOVERNMENT RECORDS
P1696,PERSON-096,PRIMARY_OWNER,100,SYNTHETIC DEMO DATA — NOT OFFICIAL GOVERNMENT RECORDS
P1697,PERSON-097,PRIMARY_OWNER,100,SYNTHETIC DEMO DATA — NOT OFFICIAL GOVERNMENT RECORDS
P1698,PERSON-098,PRIMARY_OWNER,100,SYNTHETIC DEMO DATA — NOT OFFICIAL GOVERNMENT RECORDS
P1699,PERSON-099,PRIMARY_OWNER,100,SYNTHETIC DEMO DATA — NOT OFFICIAL GOVERNMENT RECORDS
P1700,PERSON-100,PRIMARY_OWNER,100,SYNTHETIC DEMO DATA — NOT OFFICIAL GOVERNMENT RECORDS
P1701,PERSON-101,PRIMARY_OWNER,100,SYNTHETIC DEMO DATA — NOT OFFICIAL GOVERNMENT RECORDS
P1702,PERSON-102,PRIMARY_OWNER,100,SYNTHETIC DEMO DATA — NOT OFFICIAL GOVERNMENT RECORDS
P1703,PERSON-103,PRIMARY_OWNER,100,SYNTHETIC DEMO DATA — NOT OFFICIAL GOVERNMENT RECORDS
P1704,PERSON-104,PRIMARY_OWNER,100,SYNTHETIC DEMO DATA — NOT OFFICIAL GOVERNMENT RECORDS
P1705,PERSON-105,PRIMARY_OWNER,100,SYNTHETIC DEMO DATA — NOT OFFICIAL GOVERNMENT RECORDS
P1706,PERSON-106,PRIMARY_OWNER,100,SYNTHETIC DEMO DATA — NOT OFFICIAL GOVERNMENT RECORDS
P1707,PERSON-107,PRIMARY_OWNER,100,SYNTHETIC DEMO DATA — NOT OFFICIAL GOVERNMENT RECORDS
P1708,PERSON-108,PRIMARY_OWNER,100,SYNTHETIC DEMO DATA — NOT OFFICIAL GOVERNMENT RECORDS
P1709,PERSON-109,PRIMARY_OWNER,100,SYNTHETIC DEMO DATA — NOT OFFICIAL GOVERNMENT RECORDS
P1710,PERSON-110,PRIMARY_OWNER,100,SYNTHETIC DEMO DATA — NOT OFFICIAL GOVERNMENT RECORDS
P1711,PERSON-111,PRIMARY_OWNER,100,SYNTHETIC DEMO DATA — NOT OFFICIAL GOVERNMENT RECORDS
P1712,PERSON-112,PRIMARY_OWNER,100,SYNTHETIC DEMO DATA — NOT OFFICIAL GOVERNMENT RECORDS
P1713,PERSON-113,PRIMARY_OWNER,100,SYNTHETIC DEMO DATA — NOT OFFICIAL GOVERNMENT RECORDS
P1714,PERSON-114,PRIMARY_OWNER,100,SYNTHETIC DEMO DATA — NOT OFFICIAL GOVERNMENT RECORDS
P1715,PERSON-115,PRIMARY_OWNER,100,SYNTHETIC DEMO DATA — NOT OFFICIAL GOVERNMENT RECORDS
P1716,PERSON-116,PRIMARY_OWNER,100,SYNTHETIC DEMO DATA — NOT OFFICIAL GOVERNMENT RECORDS
P1717,PERSON-117,PRIMARY_OWNER,100,SYNTHETIC DEMO DATA — NOT OFFICIAL GOVERNMENT RECORDS
P1718,PERSON-118,PRIMARY_OWNER,100,SYNTHETIC DEMO DATA — NOT OFFICIAL GOVERNMENT RECORDS
P1719,PERSON-119,PRIMARY_OWNER,100,SYNTHETIC DEMO DATA — NOT OFFICIAL GOVERNMENT RECORDS
P1720,PERSON-120,PRIMARY_OWNER,100,SYNTHETIC DEMO DATA — NOT OFFICIAL GOVERNMENT RECORDS
P1721,PERSON-121,PRIMARY_OWNER,100,SYNTHETIC DEMO DATA — NOT OFFICIAL GOVERNMENT RECORDS
P1722,PERSON-122,PRIMARY_OWNER,100,SYNTHETIC DEMO DATA — NOT OFFICIAL GOVERNMENT RECORDS
P1723,PERSON-123,PRIMARY_OWNER,100,SYNTHETIC DEMO DATA — NOT OFFICIAL GOVERNMENT RECORDS
P1724,PERSON-124,PRIMARY_OWNER,100,SYNTHETIC DEMO DATA — NOT OFFICIAL GOVERNMENT RECORDS
P1725,PERSON-125,PRIMARY_OWNER,100,SYNTHETIC DEMO DATA — NOT OFFICIAL GOVERNMENT RECORDS
P1726,PERSON-126,PRIMARY_OWNER,100,SYNTHETIC DEMO DATA — NOT OFFICIAL GOVERNMENT RECORDS
P1727,PERSON-127,PRIMARY_OWNER,100,SYNTHETIC DEMO DATA — NOT OFFICIAL GOVERNMENT RECORDS
P1728,PERSON-128,PRIMARY_OWNER,100,SYNTHETIC DEMO DATA — NOT OFFICIAL GOVERNMENT RECORDS
P1729,PERSON-129,PRIMARY_OWNER,100,SYNTHETIC DEMO DATA — NOT OFFICIAL GOVERNMENT RECORDS
P1730,PERSON-130,PRIMARY_OWNER,100,SYNTHETIC DEMO DATA — NOT OFFICIAL GOVERNMENT RECORDS
P1731,PERSON-131,PRIMARY_OWNER,100,SYNTHETIC DEMO DATA — NOT OFFICIAL GOVERNMENT RECORDS
P1732,PERSON-132,PRIMARY_OWNER,100,SYNTHETIC DEMO DATA — NOT OFFICIAL GOVERNMENT RECORDS
P1733,PERSON-133,PRIMARY_OWNER,100,SYNTHETIC DEMO DATA — NOT OFFICIAL GOVERNMENT RECORDS
P1734,PERSON-134,PRIMARY_OWNER,100,SYNTHETIC DEMO DATA — NOT OFFICIAL GOVERNMENT RECORDS
P1735,PERSON-135,PRIMARY_OWNER,100,SYNTHETIC DEMO DATA — NOT OFFICIAL GOVERNMENT RECORDS
P1736,PERSON-136,PRIMARY_OWNER,100,SYNTHETIC DEMO DATA — NOT OFFICIAL GOVERNMENT RECORDS
P1737,PERSON-137,PRIMARY_OWNER,100,SYNTHETIC DEMO DATA — NOT OFFICIAL GOVERNMENT RECORDS
P1738,PERSON-138,PRIMARY_OWNER,100,SYNTHETIC DEMO DATA — NOT OFFICIAL GOVERNMENT RECORDS
P1739,PERSON-139,PRIMARY_OWNER,100,SYNTHETIC DEMO DATA — NOT OFFICIAL GOVERNMENT RECORDS
P1740,PERSON-140,PRIMARY_OWNER,100,SYNTHETIC DEMO DATA — NOT OFFICIAL GOVERNMENT RECORDS
P1741,PERSON-141,PRIMARY_OWNER,100,SYNTHETIC DEMO DATA — NOT OFFICIAL GOVERNMENT RECORDS
P1742,PERSON-142,PRIMARY_OWNER,100,SYNTHETIC DEMO DATA — NOT OFFICIAL GOVERNMENT RECORDS
P1743,PERSON-143,PRIMARY_OWNER,100,SYNTHETIC DEMO DATA — NOT OFFICIAL GOVERNMENT RECORDS
P1744,PERSON-144,PRIMARY_OWNER,100,SYNTHETIC DEMO DATA — NOT OFFICIAL GOVERNMENT RECORDS
P1745,PERSON-145,PRIMARY_OWNER,100,SYNTHETIC DEMO DATA — NOT OFFICIAL GOVERNMENT RECORDS
P1746,PERSON-146,PRIMARY_OWNER,100,SYNTHETIC DEMO DATA — NOT OFFICIAL GOVERNMENT RECORDS
P1747,PERSON-147,PRIMARY_OWNER,100,SYNTHETIC DEMO DATA — NOT OFFICIAL GOVERNMENT RECORDS
P1748,PERSON-148,PRIMARY_OWNER,100,SYNTHETIC DEMO DATA — NOT OFFICIAL GOVERNMENT RECORDS
P1749,PERSON-149,PRIMARY_OWNER,100,SYNTHETIC DEMO DATA — NOT OFFICIAL GOVERNMENT RECORDS
P1750,PERSON-150,PRIMARY_OWNER,100,SYNTHETIC DEMO DATA — NOT OFFICIAL GOVERNMENT RECORDS
P1751,PERSON-151,PRIMARY_OWNER,100,SYNTHETIC DEMO DATA — NOT OFFICIAL GOVERNMENT RECORDS
P1752,PERSON-152,PRIMARY_OWNER,100,SYNTHETIC DEMO DATA — NOT OFFICIAL GOVERNMENT RECORDS
P1753,PERSON-153,PRIMARY_OWNER,100,SYNTHETIC DEMO DATA — NOT OFFICIAL GOVERNMENT RECORDS
P1754,PERSON-154,PRIMARY_OWNER,100,SYNTHETIC DEMO DATA — NOT OFFICIAL GOVERNMENT RECORDS
P1755,PERSON-155,PRIMARY_OWNER,100,SYNTHETIC DEMO DATA — NOT OFFICIAL GOVERNMENT RECORDS
P1756,PERSON-156,PRIMARY_OWNER,100,SYNTHETIC DEMO DATA — NOT OFFICIAL GOVERNMENT RECORDS
P1757,PERSON-157,PRIMARY_OWNER,100,SYNTHETIC DEMO DATA — NOT OFFICIAL GOVERNMENT RECORDS
P1758,PERSON-158,PRIMARY_OWNER,100,SYNTHETIC DEMO DATA — NOT OFFICIAL GOVERNMENT RECORDS
P1759,PERSON-159,PRIMARY_OWNER,100,SYNTHETIC DEMO DATA — NOT OFFICIAL GOVERNMENT RECORDS
P1760,PERSON-160,PRIMARY_OWNER,100,SYNTHETIC DEMO DATA — NOT OFFICIAL GOVERNMENT RECORDS
P1761,PERSON-161,PRIMARY_OWNER,100,SYNTHETIC DEMO DATA — NOT OFFICIAL GOVERNMENT RECORDS
P1762,PERSON-162,PRIMARY_OWNER,100,SYNTHETIC DEMO DATA — NOT OFFICIAL GOVERNMENT RECORDS
P1763,PERSON-163,PRIMARY_OWNER,100,SYNTHETIC DEMO DATA — NOT OFFICIAL GOVERNMENT RECORDS
P1764,PERSON-164,PRIMARY_OWNER,100,SYNTHETIC DEMO DATA — NOT OFFICIAL GOVERNMENT RECORDS
P1765,PERSON-165,PRIMARY_OWNER,100,SYNTHETIC DEMO DATA — NOT OFFICIAL GOVERNMENT RECORDS
P1766,PERSON-166,PRIMARY_OWNER,100,SYNTHETIC DEMO DATA — NOT OFFICIAL GOVERNMENT RECORDS
P1767,PERSON-167,PRIMARY_OWNER,100,SYNTHETIC DEMO DATA — NOT OFFICIAL GOVERNMENT RECORDS
P1768,PERSON-168,PRIMARY_OWNER,100,SYNTHETIC DEMO DATA — NOT OFFICIAL GOVERNMENT RECORDS
P1769,PERSON-169,PRIMARY_OWNER,100,SYNTHETIC DEMO DATA — NOT OFFICIAL GOVERNMENT RECORDS
P1770,PERSON-170,PRIMARY_OWNER,100,SYNTHETIC DEMO DATA — NOT OFFICIAL GOVERNMENT RECORDS
P1771,PERSON-171,PRIMARY_OWNER,100,SYNTHETIC DEMO DATA — NOT OFFICIAL GOVERNMENT RECORDS
P1772,PERSON-172,PRIMARY_OWNER,100,SYNTHETIC DEMO DATA — NOT OFFICIAL GOVERNMENT RECORDS
P1773,PERSON-173,PRIMARY_OWNER,100,SYNTHETIC DEMO DATA — NOT OFFICIAL GOVERNMENT RECORDS
P1774,PERSON-174,PRIMARY_OWNER,100,SYNTHETIC DEMO DATA — NOT OFFICIAL GOVERNMENT RECORDS
P1775,PERSON-175,PRIMARY_OWNER,100,SYNTHETIC DEMO DATA — NOT OFFICIAL GOVERNMENT RECORDS
P1776,PERSON-176,PRIMARY_OWNER,100,SYNTHETIC DEMO DATA — NOT OFFICIAL GOVERNMENT RECORDS
P1777,PERSON-177,PRIMARY_OWNER,100,SYNTHETIC DEMO DATA — NOT OFFICIAL GOVERNMENT RECORDS
P1778,PERSON-178,PRIMARY_OWNER,100,SYNTHETIC DEMO DATA — NOT OFFICIAL GOVERNMENT RECORDS
P1779,PERSON-179,PRIMARY_OWNER,100,SYNTHETIC DEMO DATA — NOT OFFICIAL GOVERNMENT RECORDS
P1780,PERSON-180,PRIMARY_OWNER,100,SYNTHETIC DEMO DATA — NOT OFFICIAL GOVERNMENT RECORDS
P1781,PERSON-181,PRIMARY_OWNER,100,SYNTHETIC DEMO DATA — NOT OFFICIAL GOVERNMENT RECORDS
P1782,PERSON-182,PRIMARY_OWNER,100,SYNTHETIC DEMO DATA — NOT OFFICIAL GOVERNMENT RECORDS
P1783,PERSON-183,PRIMARY_OWNER,100,SYNTHETIC DEMO DATA — NOT OFFICIAL GOVERNMENT RECORDS
P1784,PERSON-184,PRIMARY_OWNER,100,SYNTHETIC DEMO DATA — NOT OFFICIAL GOVERNMENT RECORDS
P1785,PERSON-185,PRIMARY_OWNER,100,SYNTHETIC DEMO DATA — NOT OFFICIAL GOVERNMENT RECORDS
P1786,PERSON-186,PRIMARY_OWNER,100,SYNTHETIC DEMO DATA — NOT OFFICIAL GOVERNMENT RECORDS
P1787,PERSON-187,PRIMARY_OWNER,100,SYNTHETIC DEMO DATA — NOT OFFICIAL GOVERNMENT RECORDS
P1788,PERSON-188,PRIMARY_OWNER,100,SYNTHETIC DEMO DATA — NOT OFFICIAL GOVERNMENT RECORDS
P1789,PERSON-189,PRIMARY_OWNER,100,SYNTHETIC DEMO DATA — NOT OFFICIAL GOVERNMENT RECORDS
P1790,PERSON-190,PRIMARY_OWNER,100,SYNTHETIC DEMO DATA — NOT OFFICIAL GOVERNMENT RECORDS
P1791,PERSON-191,PRIMARY_OWNER,100,SYNTHETIC DEMO DATA — NOT OFFICIAL GOVERNMENT RECORDS
P1792,PERSON-192,PRIMARY_OWNER,100,SYNTHETIC DEMO DATA — NOT OFFICIAL GOVERNMENT RECORDS
P1793,PERSON-193,PRIMARY_OWNER,100,SYNTHETIC DEMO DATA — NOT OFFICIAL GOVERNMENT RECORDS
P1794,PERSON-194,PRIMARY_OWNER,100,SYNTHETIC DEMO DATA — NOT OFFICIAL GOVERNMENT RECORDS
P1795,PERSON-195,PRIMARY_OWNER,100,SYNTHETIC DEMO DATA — NOT OFFICIAL GOVERNMENT RECORDS
P1796,PERSON-196,PRIMARY_OWNER,100,SYNTHETIC DEMO DATA — NOT OFFICIAL GOVERNMENT RECORDS
P1797,PERSON-197,PRIMARY_OWNER,100,SYNTHETIC DEMO DATA — NOT OFFICIAL GOVERNMENT RECORDS
P1798,PERSON-198,PRIMARY_OWNER,100,SYNTHETIC DEMO DATA — NOT OFFICIAL GOVERNMENT RECORDS
P1799,PERSON-199,PRIMARY_OWNER,100,SYNTHETIC DEMO DATA — NOT OFFICIAL GOVERNMENT RECORDS
P1800,PERSON-200,PRIMARY_OWNER,100,SYNTHETIC DEMO DATA — NOT OFFICIAL GOVERNMENT RECORDS
P1801,PERSON-001,PRIMARY_OWNER,100,SYNTHETIC DEMO DATA — NOT OFFICIAL GOVERNMENT RECORDS
P1802,PERSON-002,PRIMARY_OWNER,100,SYNTHETIC DEMO DATA — NOT OFFICIAL GOVERNMENT RECORDS
P1803,PERSON-003,PRIMARY_OWNER,100,SYNTHETIC DEMO DATA — NOT OFFICIAL GOVERNMENT RECORDS
P1804,PERSON-004,PRIMARY_OWNER,100,SYNTHETIC DEMO DATA — NOT OFFICIAL GOVERNMENT RECORDS
P1805,PERSON-005,PRIMARY_OWNER,100,SYNTHETIC DEMO DATA — NOT OFFICIAL GOVERNMENT RECORDS
P1806,PERSON-006,PRIMARY_OWNER,100,SYNTHETIC DEMO DATA — NOT OFFICIAL GOVERNMENT RECORDS
P1807,PERSON-007,PRIMARY_OWNER,100,SYNTHETIC DEMO DATA — NOT OFFICIAL GOVERNMENT RECORDS
P1808,PERSON-008,PRIMARY_OWNER,100,SYNTHETIC DEMO DATA — NOT OFFICIAL GOVERNMENT RECORDS
P1809,PERSON-009,PRIMARY_OWNER,100,SYNTHETIC DEMO DATA — NOT OFFICIAL GOVERNMENT RECORDS
P1810,PERSON-010,PRIMARY_OWNER,100,SYNTHETIC DEMO DATA — NOT OFFICIAL GOVERNMENT RECORDS
P1811,PERSON-011,PRIMARY_OWNER,100,SYNTHETIC DEMO DATA — NOT OFFICIAL GOVERNMENT RECORDS
P1812,PERSON-012,PRIMARY_OWNER,100,SYNTHETIC DEMO DATA — NOT OFFICIAL GOVERNMENT RECORDS
P1813,PERSON-013,PRIMARY_OWNER,100,SYNTHETIC DEMO DATA — NOT OFFICIAL GOVERNMENT RECORDS
P1814,PERSON-014,PRIMARY_OWNER,100,SYNTHETIC DEMO DATA — NOT OFFICIAL GOVERNMENT RECORDS
P1815,PERSON-015,PRIMARY_OWNER,100,SYNTHETIC DEMO DATA — NOT OFFICIAL GOVERNMENT RECORDS
P1816,PERSON-016,PRIMARY_OWNER,100,SYNTHETIC DEMO DATA — NOT OFFICIAL GOVERNMENT RECORDS
P1817,PERSON-017,PRIMARY_OWNER,100,SYNTHETIC DEMO DATA — NOT OFFICIAL GOVERNMENT RECORDS
P1818,PERSON-018,PRIMARY_OWNER,100,SYNTHETIC DEMO DATA — NOT OFFICIAL GOVERNMENT RECORDS
P1819,PERSON-019,PRIMARY_OWNER,100,SYNTHETIC DEMO DATA — NOT OFFICIAL GOVERNMENT RECORDS
P1820,PERSON-020,PRIMARY_OWNER,100,SYNTHETIC DEMO DATA — NOT OFFICIAL GOVERNMENT RECORDS
P1821,PERSON-021,PRIMARY_OWNER,100,SYNTHETIC DEMO DATA — NOT OFFICIAL GOVERNMENT RECORDS
P1822,PERSON-022,PRIMARY_OWNER,100,SYNTHETIC DEMO DATA — NOT OFFICIAL GOVERNMENT RECORDS
P1823,PERSON-023,PRIMARY_OWNER,100,SYNTHETIC DEMO DATA — NOT OFFICIAL GOVERNMENT RECORDS
P1824,PERSON-024,PRIMARY_OWNER,100,SYNTHETIC DEMO DATA — NOT OFFICIAL GOVERNMENT RECORDS
P1825,PERSON-025,PRIMARY_OWNER,100,SYNTHETIC DEMO DATA — NOT OFFICIAL GOVERNMENT RECORDS
P1826,PERSON-026,PRIMARY_OWNER,100,SYNTHETIC DEMO DATA — NOT OFFICIAL GOVERNMENT RECORDS
P1827,PERSON-027,PRIMARY_OWNER,100,SYNTHETIC DEMO DATA — NOT OFFICIAL GOVERNMENT RECORDS
P1828,PERSON-028,PRIMARY_OWNER,100,SYNTHETIC DEMO DATA — NOT OFFICIAL GOVERNMENT RECORDS
P1829,PERSON-029,PRIMARY_OWNER,100,SYNTHETIC DEMO DATA — NOT OFFICIAL GOVERNMENT RECORDS
P1830,PERSON-030,PRIMARY_OWNER,100,SYNTHETIC DEMO DATA — NOT OFFICIAL GOVERNMENT RECORDS
P1831,PERSON-031,PRIMARY_OWNER,100,SYNTHETIC DEMO DATA — NOT OFFICIAL GOVERNMENT RECORDS
P1832,PERSON-032,PRIMARY_OWNER,100,SYNTHETIC DEMO DATA — NOT OFFICIAL GOVERNMENT RECORDS
P1833,PERSON-033,PRIMARY_OWNER,100,SYNTHETIC DEMO DATA — NOT OFFICIAL GOVERNMENT RECORDS
P1834,PERSON-034,PRIMARY_OWNER,100,SYNTHETIC DEMO DATA — NOT OFFICIAL GOVERNMENT RECORDS
P1835,PERSON-035,PRIMARY_OWNER,100,SYNTHETIC DEMO DATA — NOT OFFICIAL GOVERNMENT RECORDS
P1836,PERSON-036,PRIMARY_OWNER,100,SYNTHETIC DEMO DATA — NOT OFFICIAL GOVERNMENT RECORDS
P1837,PERSON-037,PRIMARY_OWNER,100,SYNTHETIC DEMO DATA — NOT OFFICIAL GOVERNMENT RECORDS
P1838,PERSON-038,PRIMARY_OWNER,100,SYNTHETIC DEMO DATA — NOT OFFICIAL GOVERNMENT RECORDS
P1839,PERSON-039,PRIMARY_OWNER,100,SYNTHETIC DEMO DATA — NOT OFFICIAL GOVERNMENT RECORDS
P1840,PERSON-040,PRIMARY_OWNER,100,SYNTHETIC DEMO DATA — NOT OFFICIAL GOVERNMENT RECORDS
P1841,PERSON-041,PRIMARY_OWNER,100,SYNTHETIC DEMO DATA — NOT OFFICIAL GOVERNMENT RECORDS
P1842,PERSON-042,PRIMARY_OWNER,100,SYNTHETIC DEMO DATA — NOT OFFICIAL GOVERNMENT RECORDS
P1843,PERSON-043,PRIMARY_OWNER,100,SYNTHETIC DEMO DATA — NOT OFFICIAL GOVERNMENT RECORDS
P1844,PERSON-044,PRIMARY_OWNER,100,SYNTHETIC DEMO DATA — NOT OFFICIAL GOVERNMENT RECORDS
P1845,PERSON-045,PRIMARY_OWNER,100,SYNTHETIC DEMO DATA — NOT OFFICIAL GOVERNMENT RECORDS
P1846,PERSON-046,PRIMARY_OWNER,100,SYNTHETIC DEMO DATA — NOT OFFICIAL GOVERNMENT RECORDS
P1847,PERSON-047,PRIMARY_OWNER,100,SYNTHETIC DEMO DATA — NOT OFFICIAL GOVERNMENT RECORDS
P1848,PERSON-048,PRIMARY_OWNER,100,SYNTHETIC DEMO DATA — NOT OFFICIAL GOVERNMENT RECORDS
P1849,PERSON-049,PRIMARY_OWNER,100,SYNTHETIC DEMO DATA — NOT OFFICIAL GOVERNMENT RECORDS
P1850,PERSON-050,PRIMARY_OWNER,100,SYNTHETIC DEMO DATA — NOT OFFICIAL GOVERNMENT RECORDS
P1851,PERSON-051,PRIMARY_OWNER,100,SYNTHETIC DEMO DATA — NOT OFFICIAL GOVERNMENT RECORDS
P1852,PERSON-052,PRIMARY_OWNER,100,SYNTHETIC DEMO DATA — NOT OFFICIAL GOVERNMENT RECORDS
P1853,PERSON-053,PRIMARY_OWNER,100,SYNTHETIC DEMO DATA — NOT OFFICIAL GOVERNMENT RECORDS
P1854,PERSON-054,PRIMARY_OWNER,100,SYNTHETIC DEMO DATA — NOT OFFICIAL GOVERNMENT RECORDS
P1855,PERSON-055,PRIMARY_OWNER,100,SYNTHETIC DEMO DATA — NOT OFFICIAL GOVERNMENT RECORDS
P1856,PERSON-056,PRIMARY_OWNER,100,SYNTHETIC DEMO DATA — NOT OFFICIAL GOVERNMENT RECORDS
P1857,PERSON-057,PRIMARY_OWNER,100,SYNTHETIC DEMO DATA — NOT OFFICIAL GOVERNMENT RECORDS
P1858,PERSON-058,PRIMARY_OWNER,100,SYNTHETIC DEMO DATA — NOT OFFICIAL GOVERNMENT RECORDS
P1859,PERSON-059,PRIMARY_OWNER,100,SYNTHETIC DEMO DATA — NOT OFFICIAL GOVERNMENT RECORDS
P1860,PERSON-060,PRIMARY_OWNER,100,SYNTHETIC DEMO DATA — NOT OFFICIAL GOVERNMENT RECORDS
P1861,PERSON-061,PRIMARY_OWNER,100,SYNTHETIC DEMO DATA — NOT OFFICIAL GOVERNMENT RECORDS
P1862,PERSON-062,PRIMARY_OWNER,100,SYNTHETIC DEMO DATA — NOT OFFICIAL GOVERNMENT RECORDS
P1863,PERSON-063,PRIMARY_OWNER,100,SYNTHETIC DEMO DATA — NOT OFFICIAL GOVERNMENT RECORDS
P1864,PERSON-064,PRIMARY_OWNER,100,SYNTHETIC DEMO DATA — NOT OFFICIAL GOVERNMENT RECORDS
P1865,PERSON-065,PRIMARY_OWNER,100,SYNTHETIC DEMO DATA — NOT OFFICIAL GOVERNMENT RECORDS
P1866,PERSON-066,PRIMARY_OWNER,100,SYNTHETIC DEMO DATA — NOT OFFICIAL GOVERNMENT RECORDS
P1867,PERSON-067,PRIMARY_OWNER,100,SYNTHETIC DEMO DATA — NOT OFFICIAL GOVERNMENT RECORDS
P1868,PERSON-068,PRIMARY_OWNER,100,SYNTHETIC DEMO DATA — NOT OFFICIAL GOVERNMENT RECORDS
P1869,PERSON-069,PRIMARY_OWNER,100,SYNTHETIC DEMO DATA — NOT OFFICIAL GOVERNMENT RECORDS
P1870,PERSON-070,PRIMARY_OWNER,100,SYNTHETIC DEMO DATA — NOT OFFICIAL GOVERNMENT RECORDS
P1871,PERSON-071,PRIMARY_OWNER,100,SYNTHETIC DEMO DATA — NOT OFFICIAL GOVERNMENT RECORDS
P1872,PERSON-072,PRIMARY_OWNER,100,SYNTHETIC DEMO DATA — NOT OFFICIAL GOVERNMENT RECORDS
P1873,PERSON-073,PRIMARY_OWNER,100,SYNTHETIC DEMO DATA — NOT OFFICIAL GOVERNMENT RECORDS
P1874,PERSON-074,PRIMARY_OWNER,100,SYNTHETIC DEMO DATA — NOT OFFICIAL GOVERNMENT RECORDS
P1875,PERSON-075,PRIMARY_OWNER,100,SYNTHETIC DEMO DATA — NOT OFFICIAL GOVERNMENT RECORDS
P1876,PERSON-076,PRIMARY_OWNER,100,SYNTHETIC DEMO DATA — NOT OFFICIAL GOVERNMENT RECORDS
P1877,PERSON-077,PRIMARY_OWNER,100,SYNTHETIC DEMO DATA — NOT OFFICIAL GOVERNMENT RECORDS
P1878,PERSON-078,PRIMARY_OWNER,100,SYNTHETIC DEMO DATA — NOT OFFICIAL GOVERNMENT RECORDS
P1879,PERSON-079,PRIMARY_OWNER,100,SYNTHETIC DEMO DATA — NOT OFFICIAL GOVERNMENT RECORDS
P1880,PERSON-080,PRIMARY_OWNER,100,SYNTHETIC DEMO DATA — NOT OFFICIAL GOVERNMENT RECORDS
P1881,PERSON-081,PRIMARY_OWNER,100,SYNTHETIC DEMO DATA — NOT OFFICIAL GOVERNMENT RECORDS
P1882,PERSON-082,PRIMARY_OWNER,100,SYNTHETIC DEMO DATA — NOT OFFICIAL GOVERNMENT RECORDS
P1883,PERSON-083,PRIMARY_OWNER,100,SYNTHETIC DEMO DATA — NOT OFFICIAL GOVERNMENT RECORDS
P1884,PERSON-084,PRIMARY_OWNER,100,SYNTHETIC DEMO DATA — NOT OFFICIAL GOVERNMENT RECORDS
P1885,PERSON-085,PRIMARY_OWNER,100,SYNTHETIC DEMO DATA — NOT OFFICIAL GOVERNMENT RECORDS
P1886,PERSON-086,PRIMARY_OWNER,100,SYNTHETIC DEMO DATA — NOT OFFICIAL GOVERNMENT RECORDS
P1887,PERSON-087,PRIMARY_OWNER,100,SYNTHETIC DEMO DATA — NOT OFFICIAL GOVERNMENT RECORDS
P1888,PERSON-088,PRIMARY_OWNER,100,SYNTHETIC DEMO DATA — NOT OFFICIAL GOVERNMENT RECORDS
P1889,PERSON-089,PRIMARY_OWNER,100,SYNTHETIC DEMO DATA — NOT OFFICIAL GOVERNMENT RECORDS
P1890,PERSON-090,PRIMARY_OWNER,100,SYNTHETIC DEMO DATA — NOT OFFICIAL GOVERNMENT RECORDS
P1891,PERSON-091,PRIMARY_OWNER,100,SYNTHETIC DEMO DATA — NOT OFFICIAL GOVERNMENT RECORDS
P1892,PERSON-092,PRIMARY_OWNER,100,SYNTHETIC DEMO DATA — NOT OFFICIAL GOVERNMENT RECORDS
P1893,PERSON-093,PRIMARY_OWNER,100,SYNTHETIC DEMO DATA — NOT OFFICIAL GOVERNMENT RECORDS
P1894,PERSON-094,PRIMARY_OWNER,100,SYNTHETIC DEMO DATA — NOT OFFICIAL GOVERNMENT RECORDS
P1895,PERSON-095,PRIMARY_OWNER,100,SYNTHETIC DEMO DATA — NOT OFFICIAL GOVERNMENT RECORDS
P1896,PERSON-096,PRIMARY_OWNER,100,SYNTHETIC DEMO DATA — NOT OFFICIAL GOVERNMENT RECORDS
P1897,PERSON-097,PRIMARY_OWNER,100,SYNTHETIC DEMO DATA — NOT OFFICIAL GOVERNMENT RECORDS
P1898,PERSON-098,PRIMARY_OWNER,100,SYNTHETIC DEMO DATA — NOT OFFICIAL GOVERNMENT RECORDS
P1899,PERSON-099,PRIMARY_OWNER,100,SYNTHETIC DEMO DATA — NOT OFFICIAL GOVERNMENT RECORDS
P1900,PERSON-100,PRIMARY_OWNER,100,SYNTHETIC DEMO DATA — NOT OFFICIAL GOVERNMENT RECORDS
P1901,PERSON-101,PRIMARY_OWNER,100,SYNTHETIC DEMO DATA — NOT OFFICIAL GOVERNMENT RECORDS
P1902,PERSON-102,PRIMARY_OWNER,100,SYNTHETIC DEMO DATA — NOT OFFICIAL GOVERNMENT RECORDS
P1903,PERSON-103,PRIMARY_OWNER,100,SYNTHETIC DEMO DATA — NOT OFFICIAL GOVERNMENT RECORDS
P1904,PERSON-104,PRIMARY_OWNER,100,SYNTHETIC DEMO DATA — NOT OFFICIAL GOVERNMENT RECORDS
P1905,PERSON-105,PRIMARY_OWNER,100,SYNTHETIC DEMO DATA — NOT OFFICIAL GOVERNMENT RECORDS
P1906,PERSON-106,PRIMARY_OWNER,100,SYNTHETIC DEMO DATA — NOT OFFICIAL GOVERNMENT RECORDS
P1907,PERSON-107,PRIMARY_OWNER,100,SYNTHETIC DEMO DATA — NOT OFFICIAL GOVERNMENT RECORDS
P1908,PERSON-108,PRIMARY_OWNER,100,SYNTHETIC DEMO DATA — NOT OFFICIAL GOVERNMENT RECORDS
P1909,PERSON-109,PRIMARY_OWNER,100,SYNTHETIC DEMO DATA — NOT OFFICIAL GOVERNMENT RECORDS
P1910,PERSON-110,PRIMARY_OWNER,100,SYNTHETIC DEMO DATA — NOT OFFICIAL GOVERNMENT RECORDS
P1911,PERSON-111,PRIMARY_OWNER,100,SYNTHETIC DEMO DATA — NOT OFFICIAL GOVERNMENT RECORDS
P1912,PERSON-112,PRIMARY_OWNER,100,SYNTHETIC DEMO DATA — NOT OFFICIAL GOVERNMENT RECORDS
P1913,PERSON-113,PRIMARY_OWNER,100,SYNTHETIC DEMO DATA — NOT OFFICIAL GOVERNMENT RECORDS
P1914,PERSON-114,PRIMARY_OWNER,100,SYNTHETIC DEMO DATA — NOT OFFICIAL GOVERNMENT RECORDS
P1915,PERSON-115,PRIMARY_OWNER,100,SYNTHETIC DEMO DATA — NOT OFFICIAL GOVERNMENT RECORDS
P1916,PERSON-116,PRIMARY_OWNER,100,SYNTHETIC DEMO DATA — NOT OFFICIAL GOVERNMENT RECORDS
P1917,PERSON-117,PRIMARY_OWNER,100,SYNTHETIC DEMO DATA — NOT OFFICIAL GOVERNMENT RECORDS
P1918,PERSON-118,PRIMARY_OWNER,100,SYNTHETIC DEMO DATA — NOT OFFICIAL GOVERNMENT RECORDS
P1919,PERSON-119,PRIMARY_OWNER,100,SYNTHETIC DEMO DATA — NOT OFFICIAL GOVERNMENT RECORDS
P1920,PERSON-120,PRIMARY_OWNER,100,SYNTHETIC DEMO DATA — NOT OFFICIAL GOVERNMENT RECORDS
P1921,PERSON-121,PRIMARY_OWNER,100,SYNTHETIC DEMO DATA — NOT OFFICIAL GOVERNMENT RECORDS
P1922,PERSON-122,PRIMARY_OWNER,100,SYNTHETIC DEMO DATA — NOT OFFICIAL GOVERNMENT RECORDS
P1923,PERSON-123,PRIMARY_OWNER,100,SYNTHETIC DEMO DATA — NOT OFFICIAL GOVERNMENT RECORDS
P1924,PERSON-124,PRIMARY_OWNER,100,SYNTHETIC DEMO DATA — NOT OFFICIAL GOVERNMENT RECORDS
P1925,PERSON-125,PRIMARY_OWNER,100,SYNTHETIC DEMO DATA — NOT OFFICIAL GOVERNMENT RECORDS
P1926,PERSON-126,PRIMARY_OWNER,100,SYNTHETIC DEMO DATA — NOT OFFICIAL GOVERNMENT RECORDS
P1927,PERSON-127,PRIMARY_OWNER,100,SYNTHETIC DEMO DATA — NOT OFFICIAL GOVERNMENT RECORDS
P1928,PERSON-128,PRIMARY_OWNER,100,SYNTHETIC DEMO DATA — NOT OFFICIAL GOVERNMENT RECORDS
P1929,PERSON-129,PRIMARY_OWNER,100,SYNTHETIC DEMO DATA — NOT OFFICIAL GOVERNMENT RECORDS
P1930,PERSON-130,PRIMARY_OWNER,100,SYNTHETIC DEMO DATA — NOT OFFICIAL GOVERNMENT RECORDS
P1931,PERSON-131,PRIMARY_OWNER,100,SYNTHETIC DEMO DATA — NOT OFFICIAL GOVERNMENT RECORDS
P1932,PERSON-132,PRIMARY_OWNER,100,SYNTHETIC DEMO DATA — NOT OFFICIAL GOVERNMENT RECORDS
P1933,PERSON-133,PRIMARY_OWNER,100,SYNTHETIC DEMO DATA — NOT OFFICIAL GOVERNMENT RECORDS
P1934,PERSON-134,PRIMARY_OWNER,100,SYNTHETIC DEMO DATA — NOT OFFICIAL GOVERNMENT RECORDS
P1935,PERSON-135,PRIMARY_OWNER,100,SYNTHETIC DEMO DATA — NOT OFFICIAL GOVERNMENT RECORDS
P1936,PERSON-136,PRIMARY_OWNER,100,SYNTHETIC DEMO DATA — NOT OFFICIAL GOVERNMENT RECORDS
P1937,PERSON-137,PRIMARY_OWNER,100,SYNTHETIC DEMO DATA — NOT OFFICIAL GOVERNMENT RECORDS
P1938,PERSON-138,PRIMARY_OWNER,100,SYNTHETIC DEMO DATA — NOT OFFICIAL GOVERNMENT RECORDS
P1939,PERSON-139,PRIMARY_OWNER,100,SYNTHETIC DEMO DATA — NOT OFFICIAL GOVERNMENT RECORDS
P1940,PERSON-140,PRIMARY_OWNER,100,SYNTHETIC DEMO DATA — NOT OFFICIAL GOVERNMENT RECORDS
P1941,PERSON-141,PRIMARY_OWNER,100,SYNTHETIC DEMO DATA — NOT OFFICIAL GOVERNMENT RECORDS
P1942,PERSON-142,PRIMARY_OWNER,100,SYNTHETIC DEMO DATA — NOT OFFICIAL GOVERNMENT RECORDS
P1943,PERSON-143,PRIMARY_OWNER,100,SYNTHETIC DEMO DATA — NOT OFFICIAL GOVERNMENT RECORDS
P1944,PERSON-144,PRIMARY_OWNER,100,SYNTHETIC DEMO DATA — NOT OFFICIAL GOVERNMENT RECORDS
P1945,PERSON-145,PRIMARY_OWNER,100,SYNTHETIC DEMO DATA — NOT OFFICIAL GOVERNMENT RECORDS
P1946,PERSON-146,PRIMARY_OWNER,100,SYNTHETIC DEMO DATA — NOT OFFICIAL GOVERNMENT RECORDS
P1947,PERSON-147,PRIMARY_OWNER,100,SYNTHETIC DEMO DATA — NOT OFFICIAL GOVERNMENT RECORDS
P1948,PERSON-148,PRIMARY_OWNER,100,SYNTHETIC DEMO DATA — NOT OFFICIAL GOVERNMENT RECORDS
P1949,PERSON-149,PRIMARY_OWNER,100,SYNTHETIC DEMO DATA — NOT OFFICIAL GOVERNMENT RECORDS
P1950,PERSON-150,PRIMARY_OWNER,100,SYNTHETIC DEMO DATA — NOT OFFICIAL GOVERNMENT RECORDS
P1951,PERSON-151,PRIMARY_OWNER,100,SYNTHETIC DEMO DATA — NOT OFFICIAL GOVERNMENT RECORDS
P1952,PERSON-152,PRIMARY_OWNER,100,SYNTHETIC DEMO DATA — NOT OFFICIAL GOVERNMENT RECORDS
P1953,PERSON-153,PRIMARY_OWNER,100,SYNTHETIC DEMO DATA — NOT OFFICIAL GOVERNMENT RECORDS
P1954,PERSON-154,PRIMARY_OWNER,100,SYNTHETIC DEMO DATA — NOT OFFICIAL GOVERNMENT RECORDS
P1955,PERSON-155,PRIMARY_OWNER,100,SYNTHETIC DEMO DATA — NOT OFFICIAL GOVERNMENT RECORDS
P1956,PERSON-156,PRIMARY_OWNER,100,SYNTHETIC DEMO DATA — NOT OFFICIAL GOVERNMENT RECORDS
P1957,PERSON-157,PRIMARY_OWNER,100,SYNTHETIC DEMO DATA — NOT OFFICIAL GOVERNMENT RECORDS
P1958,PERSON-158,PRIMARY_OWNER,100,SYNTHETIC DEMO DATA — NOT OFFICIAL GOVERNMENT RECORDS
P1959,PERSON-159,PRIMARY_OWNER,100,SYNTHETIC DEMO DATA — NOT OFFICIAL GOVERNMENT RECORDS
P1960,PERSON-160,PRIMARY_OWNER,100,SYNTHETIC DEMO DATA — NOT OFFICIAL GOVERNMENT RECORDS
P1961,PERSON-161,PRIMARY_OWNER,100,SYNTHETIC DEMO DATA — NOT OFFICIAL GOVERNMENT RECORDS
P1962,PERSON-162,PRIMARY_OWNER,100,SYNTHETIC DEMO DATA — NOT OFFICIAL GOVERNMENT RECORDS
P1963,PERSON-163,PRIMARY_OWNER,100,SYNTHETIC DEMO DATA — NOT OFFICIAL GOVERNMENT RECORDS
P1964,PERSON-164,PRIMARY_OWNER,100,SYNTHETIC DEMO DATA — NOT OFFICIAL GOVERNMENT RECORDS
P1965,PERSON-165,PRIMARY_OWNER,100,SYNTHETIC DEMO DATA — NOT OFFICIAL GOVERNMENT RECORDS
P1966,PERSON-166,PRIMARY_OWNER,100,SYNTHETIC DEMO DATA — NOT OFFICIAL GOVERNMENT RECORDS
P1967,PERSON-167,PRIMARY_OWNER,100,SYNTHETIC DEMO DATA — NOT OFFICIAL GOVERNMENT RECORDS
P1968,PERSON-168,PRIMARY_OWNER,100,SYNTHETIC DEMO DATA — NOT OFFICIAL GOVERNMENT RECORDS
P1969,PERSON-169,PRIMARY_OWNER,100,SYNTHETIC DEMO DATA — NOT OFFICIAL GOVERNMENT RECORDS
P1970,PERSON-170,PRIMARY_OWNER,100,SYNTHETIC DEMO DATA — NOT OFFICIAL GOVERNMENT RECORDS
P1971,PERSON-171,PRIMARY_OWNER,100,SYNTHETIC DEMO DATA — NOT OFFICIAL GOVERNMENT RECORDS
P1972,PERSON-172,PRIMARY_OWNER,100,SYNTHETIC DEMO DATA — NOT OFFICIAL GOVERNMENT RECORDS
P1973,PERSON-173,PRIMARY_OWNER,100,SYNTHETIC DEMO DATA — NOT OFFICIAL GOVERNMENT RECORDS
P1974,PERSON-174,PRIMARY_OWNER,100,SYNTHETIC DEMO DATA — NOT OFFICIAL GOVERNMENT RECORDS
P1975,PERSON-175,PRIMARY_OWNER,100,SYNTHETIC DEMO DATA — NOT OFFICIAL GOVERNMENT RECORDS
P1976,PERSON-176,PRIMARY_OWNER,100,SYNTHETIC DEMO DATA — NOT OFFICIAL GOVERNMENT RECORDS
P1977,PERSON-177,PRIMARY_OWNER,100,SYNTHETIC DEMO DATA — NOT OFFICIAL GOVERNMENT RECORDS
P1978,PERSON-178,PRIMARY_OWNER,100,SYNTHETIC DEMO DATA — NOT OFFICIAL GOVERNMENT RECORDS
P1979,PERSON-179,PRIMARY_OWNER,100,SYNTHETIC DEMO DATA — NOT OFFICIAL GOVERNMENT RECORDS
P1980,PERSON-180,PRIMARY_OWNER,100,SYNTHETIC DEMO DATA — NOT OFFICIAL GOVERNMENT RECORDS
P1981,PERSON-181,PRIMARY_OWNER,100,SYNTHETIC DEMO DATA — NOT OFFICIAL GOVERNMENT RECORDS
P1982,PERSON-182,PRIMARY_OWNER,100,SYNTHETIC DEMO DATA — NOT OFFICIAL GOVERNMENT RECORDS
P1983,PERSON-183,PRIMARY_OWNER,100,SYNTHETIC DEMO DATA — NOT OFFICIAL GOVERNMENT RECORDS
P1984,PERSON-184,PRIMARY_OWNER,100,SYNTHETIC DEMO DATA — NOT OFFICIAL GOVERNMENT RECORDS
P1985,PERSON-185,PRIMARY_OWNER,100,SYNTHETIC DEMO DATA — NOT OFFICIAL GOVERNMENT RECORDS
P1986,PERSON-186,PRIMARY_OWNER,100,SYNTHETIC DEMO DATA — NOT OFFICIAL GOVERNMENT RECORDS
P1987,PERSON-187,PRIMARY_OWNER,100,SYNTHETIC DEMO DATA — NOT OFFICIAL GOVERNMENT RECORDS
P1988,PERSON-188,PRIMARY_OWNER,100,SYNTHETIC DEMO DATA — NOT OFFICIAL GOVERNMENT RECORDS
P1989,PERSON-189,PRIMARY_OWNER,100,SYNTHETIC DEMO DATA — NOT OFFICIAL GOVERNMENT RECORDS
P1990,PERSON-190,PRIMARY_OWNER,100,SYNTHETIC DEMO DATA — NOT OFFICIAL GOVERNMENT RECORDS
P1991,PERSON-191,PRIMARY_OWNER,100,SYNTHETIC DEMO DATA — NOT OFFICIAL GOVERNMENT RECORDS
P1992,PERSON-192,PRIMARY_OWNER,100,SYNTHETIC DEMO DATA — NOT OFFICIAL GOVERNMENT RECORDS
P1993,PERSON-193,PRIMARY_OWNER,100,SYNTHETIC DEMO DATA — NOT OFFICIAL GOVERNMENT RECORDS
P1994,PERSON-194,PRIMARY_OWNER,100,SYNTHETIC DEMO DATA — NOT OFFICIAL GOVERNMENT RECORDS
P1995,PERSON-195,PRIMARY_OWNER,100,SYNTHETIC DEMO DATA — NOT OFFICIAL GOVERNMENT RECORDS
P1996,PERSON-196,PRIMARY_OWNER,100,SYNTHETIC DEMO DATA — NOT OFFICIAL GOVERNMENT RECORDS
P1997,PERSON-197,PRIMARY_OWNER,100,SYNTHETIC DEMO DATA — NOT OFFICIAL GOVERNMENT RECORDS
P1998,PERSON-198,PRIMARY_OWNER,100,SYNTHETIC DEMO DATA — NOT OFFICIAL GOVERNMENT RECORDS
P1999,PERSON-199,PRIMARY_OWNER,100,SYNTHETIC DEMO DATA — NOT OFFICIAL GOVERNMENT RECORDS
P2000,PERSON-200,PRIMARY_OWNER,100,SYNTHETIC DEMO DATA — NOT OFFICIAL GOVERNMENT RECORDS
